0.96153,-2.32258,1.06938,0.81900,-0.45738,0.11917,0.10853,-1.29988,-0.38771,-0.01641,-5.20611
-0.88120,1.20713,-1.18198,0.24360,-0.99876,0.46873,1.20585,0.33420,0.15057,-0.48016,0.26721
-0.94785,-1.41791,1.01520,0.38576,-3.06620,-0.64787,0.85110,1.01840,-0.90485,0.73755,-8.83181
-0.97317,-3.12263,0.99824,-0.35320,1.81652,2.07799,0.03683,0.09067,0.46298,-0.98709,5.10288
2.28546,-0.39810,0.32018,-1.89400,-1.61572,-0.50933,-0.56005,-0.22681,-0.34920,1.87178,-6.15022
0.32846,-1.46531,-0.09240,0.37425,2.00230,0.63120,0.03259,-1.14696,-0.05846,0.98563,1.42066
0.07012,-1.54938,0.37686,1.43596,0.26280,-1.36102,-1.68687,0.81532,-0.32317,0.12052,-4.59967
-1.23904,0.19247,1.91095,-0.49241,-1.25370,-1.21058,0.10212,-0.40062,-1.10802,0.41627,-2.92437
0.79549,-1.53374,1.18729,-0.90296,-1.18841,1.52391,0.22727,-2.07359,-0.55196,1.32368,-3.25498
-0.18452,-0.02268,-0.10671,-0.50321,-0.49635,-0.42836,-1.07194,0.93990,-0.92902,-0.26081,0.09530
-1.16809,-0.39573,-1.69258,-0.05591,0.90411,-1.12880,-0.63176,1.19693,0.25405,1.61643,-1.11469
0.84266,1.31602,-0.06482,-0.17153,-0.65156,-1.04557,0.32853,0.91360,-0.25092,-0.47279,-1.70410
-0.83240,-1.58309,-1.19558,-0.85395,-1.55791,-0.37863,-0.51225,0.71634,0.41714,1.55857,-5.46918
0.24536,-0.43475,0.27359,1.21535,-0.77786,-0.71295,0.96486,1.58356,-0.38028,-0.53621,-4.09470
0.66501,-0.98460,-1.53116,0.77837,-1.72982,-0.15836,-0.42705,-0.03374,1.11069,-2.92748,-3.30883
1.06191,-1.09147,-0.92798,-0.07954,1.03923,-0.61731,-0.35687,-0.75940,0.77082,-0.06128,-1.26805
1.34532,0.67251,-0.31105,1.57815,0.39151,0.57288,-0.37442,-0.61338,0.27758,-0.87896,-0.23995
-0.59796,1.20417,0.08389,0.12098,-0.37785,-1.71417,-1.01470,0.45844,0.75456,0.77224,-3.30788
0.24285,-1.76005,0.00315,-0.04221,-0.15924,-0.80049,0.37957,-0.67796,0.69678,0.73742,-5.12210
0.63048,0.66923,-1.47353,-0.20872,0.43760,0.90323,0.04453,0.50505,-0.76706,-0.34202,3.50320
0.43548,-0.18739,0.84756,0.03404,0.15005,1.15861,-1.28180,0.17357,0.84276,-1.44128,1.92457
2.06672,-2.59899,-0.26458,-1.36109,0.01940,0.42881,-0.98598,1.24268,0.39271,0.32242,-2.16583
0.28183,-0.48945,0.84482,-0.97219,0.15982,0.31542,-0.21264,-0.61724,-0.27257,-0.11045,0.98892
-1.63065,0.95215,-0.15659,-0.01091,-0.72196,0.18059,1.20000,-0.43494,0.39871,-0.73924,1.11165
-0.50080,0.59009,-0.35880,-0.23537,-1.07971,0.21957,-0.01295,0.80918,0.40452,-0.17165,-0.98454
1.95859,1.46049,0.85273,-0.78941,-0.08839,-0.75972,0.45420,0.92682,0.51412,-1.71178,0.75183
0.60888,0.05204,-0.23343,-0.45036,0.92469,1.26332,-1.07507,0.84892,-0.48434,0.36626,3.60309
0.25289,-1.79396,1.11479,-0.23905,-0.13481,0.53093,-0.86608,1.59644,0.17131,-1.13386,-0.09419
-2.44153,0.69714,-0.27743,0.05182,0.41643,0.80895,0.64425,0.58218,-1.25333,0.18308,4.79395
0.82482,-0.57061,0.64939,1.15234,0.89390,-0.05746,-0.34997,0.02774,-0.13672,-0.69691,-0.54205
1.78478,1.37554,-0.73381,-1.25438,0.58228,-0.03290,0.61071,-0.69755,-1.80101,0.18071,3.25514
-0.49843,0.96261,-1.67341,-0.21476,-0.51936,1.16374,-0.45410,0.00708,-0.74146,-1.44584,4.63596
0.25881,0.37339,0.36307,-0.01095,-1.38515,-0.59622,0.78238,0.34644,-1.94783,1.23511,-3.94760
1.08635,-0.22394,0.26854,1.27832,-0.27254,1.39897,0.37440,1.68372,0.30844,-0.60553,-1.03532
0.29262,1.59851,1.14116,1.06196,0.99643,0.85231,-0.43392,1.64296,-1.65882,0.66763,3.02940
-0.83196,-0.71791,0.64444,0.77354,0.22460,-0.88468,0.48899,-1.55829,0.93441,-1.68762,-1.06428
0.89233,-0.45052,-0.58941,-0.85173,1.89233,0.10248,-1.72200,-0.90640,-0.96158,-1.52987,6.34071
1.66628,0.08329,-1.10005,1.60755,0.27836,0.43932,-0.81923,-0.00812,-0.54823,-0.41322,-1.26313
-2.07740,-0.44531,0.25099,-0.49186,-0.47897,-1.28812,0.62358,-2.06675,-0.54486,-0.63354,-0.31142
0.31820,-0.76127,1.46615,-0.32955,-0.66046,-0.20669,-1.08590,0.72864,0.45225,1.76777,-5.17151
-0.26679,0.66187,-0.53544,0.25037,-0.76260,-1.79212,-0.84314,-0.19486,-0.78590,-1.81626,-0.87204
2.65931,0.25934,0.05370,0.47322,-1.21763,-0.05364,-0.50295,-0.32586,1.54227,0.34490,-6.99079
-0.48842,0.35864,-0.58344,-1.71126,0.00977,1.15076,-0.13316,-1.69133,-0.06340,-1.18528,5.57975
0.20696,1.54183,-0.50788,-0.43170,0.57149,-0.12335,-0.84524,0.01368,0.35297,-0.47610,2.89096
0.74863,0.23455,0.64972,0.14490,0.77466,2.27641,-0.29972,0.82774,-1.07507,-0.89006,5.63765
-0.98458,-0.04275,1.14857,-0.66628,2.19830,0.44292,0.37870,0.22234,2.36088,-1.99299,6.38240
-1.23095,1.65780,-0.31376,-0.68121,-0.10525,-0.14598,0.33605,-0.02839,-1.16026,-0.37972,3.78325
0.39111,0.30483,1.65263,0.21771,0.53483,-0.80028,0.63552,1.13964,-0.35680,0.08876,-0.83834
1.09563,0.34550,0.85173,0.98853,-0.47922,0.14202,0.63658,2.10795,-1.90563,0.25753,-1.75844
-0.42769,-0.62361,-0.29249,0.19704,1.53185,-0.15228,-1.10262,0.42808,0.53764,0.33488,1.32634
-0.32534,-0.50293,0.01967,0.45449,1.75527,1.86495,-0.18923,-0.75070,-0.32894,-0.75710,5.94199
-1.32410,0.63827,0.18870,-0.25184,-0.96159,0.78928,0.05807,-1.46427,-0.54034,0.03211,0.84709
0.53707,-0.76719,0.45563,-1.46783,1.43616,-0.10278,0.02856,-0.41278,-0.58173,-1.00154,4.52209
0.97771,0.13885,-0.26514,0.13063,-0.02903,-0.77008,0.19818,0.07666,1.49594,-0.10054,-3.19730
-0.77322,2.69608,-1.35668,-1.57757,-0.68901,0.44870,1.08567,-0.32710,-0.90019,0.22365,4.40615
-0.63067,-0.57766,-1.61716,-0.00636,1.15848,-0.01298,-0.17444,-1.69143,-0.97587,1.57621,0.85293
1.25120,-0.89438,1.42214,0.64104,-0.08931,0.32746,-1.44518,-1.29204,-1.04794,-0.75723,-1.25852
-0.51689,0.05569,0.51879,-1.07216,-1.66063,1.20954,-0.61321,-1.95347,0.85181,1.53286,-2.89534
0.89578,-0.37996,0.08833,0.44980,-0.44200,-1.63680,-0.29291,0.55393,-1.16345,-0.20699,-3.90349
-0.29429,0.21613,0.82148,0.93856,0.92762,1.10807,0.41444,0.04697,1.52398,0.24792,0.72578
-1.85242,-0.39610,-1.24830,-0.97576,-1.23106,1.17750,-0.56772,1.57712,-0.26116,0.19782,1.70406
-1.43962,-1.64489,-0.19794,0.70420,-0.05304,-0.63879,2.07702,-0.47787,-0.29301,0.03713,-2.59347
0.51940,-0.59765,-1.39072,1.55918,0.73758,-1.18087,0.61793,-0.06272,0.80169,0.07906,-3.90415
-2.61396,1.33131,1.12884,-0.11383,-0.89614,-0.33979,-1.35836,0.34085,-0.73803,1.38356,-0.53537
-0.61509,0.72053,-1.42366,3.35207,0.71956,-0.60379,-2.63607,-0.86485,0.42369,1.11569,-4.07431
0.83228,0.28345,-2.31556,-0.07260,0.35418,0.40890,1.70861,0.01465,-0.49056,-0.38068,1.85136
-0.45431,-0.46953,-0.16633,0.38324,0.96842,0.21747,0.41409,-0.78430,1.53166,1.31634,-1.69197
0.93746,-1.60780,1.32313,0.73368,-0.26856,0.50443,0.53891,-0.25358,-0.30547,0.90422,-4.46180
-1.22715,0.70846,0.96777,1.07054,0.93034,-0.64892,0.05465,0.81076,-0.65583,0.46568,0.61827
0.80825,0.03997,-0.99330,-0.63603,-1.65680,-0.72007,-0.83702,0.73658,-1.38982,2.05820,-5.47787
-1.65004,-0.15892,-0.28866,1.36636,-0.01613,1.16139,0.74465,-0.95590,-1.06361,-0.77748,2.22361
-0.47593,1.07345,-0.78417,-0.75074,-0.55954,0.83930,-1.05901,-0.53777,-1.16753,-0.57165,3.71562
-0.66006,1.04324,1.10779,-1.11143,-1.77054,-0.15387,1.61266,-1.11626,-0.35252,0.45531,-2.06637
-0.45737,1.40474,0.45841,0.78957,0.24566,-0.57122,-0.08807,2.26182,0.45161,-0.19556,0.10779
-0.65019,1.55151,0.91779,-0.16868,-0.87886,0.06653,1.21024,-1.75273,1.36610,-0.39157,-1.07383
-1.45380,-0.62395,-1.01069,0.17051,-1.45812,2.39367,-0.75579,-2.23816,0.80021,-0.22977,0.34720
1.34369,-1.81207,-0.58119,0.38063,0.73089,-0.24591,-0.08744,-1.11402,-1.54793,0.16646,-1.39873
-0.58405,0.35636,-0.92639,-0.49931,0.32264,1.83129,-0.03416,-0.10129,1.74965,-0.22201,3.22812
-0.59863,0.88167,-0.27345,-2.48076,-0.10661,1.07297,-1.93792,-1.30993,-0.20469,-2.81593,9.07721
0.48467,0.08430,-0.93657,-0.32629,0.48218,0.42612,1.36995,-1.09560,0.58192,0.10859,0.55559
0.03159,1.13900,-0.03019,0.97077,0.52129,1.27062,1.24005,0.53242,-1.80668,0.27245,3.20779
-0.07069,-1.09975,0.60261,1.23590,0.22562,1.29954,-2.16691,-1.52506,1.49367,0.28526,-2.06337
1.41094,-0.46651,0.86743,1.71891,-0.25084,-0.68726,1.11895,-0.03367,0.80291,0.10850,-6.68616
0.60745,-0.23075,-1.85409,-0.60629,0.03022,1.43450,-0.27493,-0.03981,-1.27857,0.81323,2.27842
0.39385,-0.01979,-2.45974,0.16716,1.41839,-1.11534,-1.38902,0.05635,0.33859,-0.14838,0.93154
-0.38258,1.29951,0.06072,-1.62595,-0.31833,1.28337,0.23579,-0.76978,0.06957,0.52191,3.55625
-2.12234,0.49303,-0.02585,-0.03685,0.23820,0.23866,0.86030,-0.61878,-0.88436,-0.69602,4.05128
-0.57743,0.51725,-0.60723,0.38154,1.87393,0.53796,-0.39507,1.26904,-0.57108,1.61880,3.29075
1.28849,-2.72532,-0.37908,-0.46592,0.28518,-0.08880,1.87905,1.11119,0.80313,-1.44747,-1.78113
-3.30681,0.47273,-1.38028,0.61016,-0.15151,0.53512,0.82190,0.94758,-0.47015,-0.48648,3.67197
0.20969,0.17689,-0.28905,1.37756,-0.15614,0.36145,0.75604,-0.01655,-1.23304,-1.63930,0.97728
-0.32928,0.15819,-0.52255,-1.49748,-0.74754,-0.72843,0.33688,-1.55138,0.39985,-0.84979,-0.12627
0.01918,-1.57411,-1.17743,0.01679,0.34897,0.27076,0.45609,-0.49600,0.06679,0.46256,-1.23465
-0.42888,-0.35700,1.92593,-0.77228,-2.02335,-1.07813,-1.17407,1.30650,-1.86186,-0.60435,-2.61242
1.77836,0.95396,0.59670,-1.19930,1.26137,-1.18430,-0.11524,-0.99573,0.33005,-2.65592,4.18901
1.32421,0.75370,0.34532,-1.05260,0.46796,0.04843,-0.99969,-0.76943,0.23409,-0.22901,1.52474
1.39031,1.47936,0.62370,0.27880,-0.45351,-0.92091,-1.37464,0.33211,0.48876,-0.59353,-2.10463
-1.16654,1.02152,1.60756,0.28572,1.21419,-1.56424,-0.52631,-0.47197,-0.17084,1.08600,-0.25876
-0.10240,0.02223,-1.63143,1.28288,-0.06697,0.26708,1.45110,0.14634,-0.59801,0.69456,-2.04402
0.91575,0.22441,-0.97764,0.29826,1.31215,-0.42983,-1.75949,-1.32853,0.80182,0.58548,-0.37888
1.51853,1.81580,0.70997,-1.98958,0.87192,-0.84565,0.51591,-1.83605,-0.15411,-1.73173,4.78747
-0.81022,1.11394,-0.01869,-0.45693,0.51230,-1.07835,2.20763,0.52819,0.96643,0.21820,0.05271
2.46786,-0.11404,1.41623,-0.13299,-0.81593,-1.24922,-0.41984,0.89381,-1.08098,-2.00026,-2.42368
-0.00612,0.02252,-0.41610,-1.18004,0.95249,0.53516,-0.48535,1.18332,-0.89479,-1.02121,5.85263
-0.18800,-0.61891,-0.74474,1.03330,0.01451,1.43745,0.28001,2.66033,0.43418,0.97718,-1.01455
0.02806,-0.39434,-1.63253,0.63428,-0.74478,0.60977,-0.48076,0.70160,-0.45840,0.54600,-1.94633
1.78577,-0.09119,1.91623,0.23973,1.33327,0.22071,0.00651,-0.61901,-1.11302,-0.95088,2.14704
-1.69594,0.76375,-0.80090,-0.93059,-0.11692,0.89914,0.57785,0.23559,0.16191,-0.97987,5.04459
-0.17620,1.71048,0.12532,-0.02224,-0.54478,1.67697,-0.85179,1.52338,0.17765,-0.48705,3.28517
-0.44808,0.44948,0.63209,2.03341,-2.51306,-1.26417,-0.44055,-0.61138,0.87085,-0.10504,-9.63961
0.45573,-0.06918,-0.53030,-0.70498,-1.46287,-0.15644,0.56141,0.71188,0.36922,-1.22590,-1.58912
0.17207,-0.18050,0.20456,1.30559,-0.68087,-1.33016,0.40722,-0.38971,0.59502,-0.57194,-5.49101
-0.24688,0.55828,1.47927,-0.74752,-0.29491,0.56544,-0.31712,-1.65391,-0.88411,0.87450,0.61366
0.43387,-0.57472,0.30384,0.49870,0.21566,-0.05687,0.30568,-0.49137,0.34093,1.73836,-4.26682
0.12865,1.47564,0.88944,0.26535,-0.47504,-1.15837,-0.38881,0.55487,0.19164,1.20158,-3.59226
0.13371,-1.41573,-0.01506,-0.48889,1.59901,0.45986,-0.70114,0.05084,-0.91785,-1.90185,5.98823
2.14759,0.59997,0.79366,-1.26896,-0.35803,0.16284,0.99732,-0.23061,0.19921,1.26771,-2.40827
-0.46338,0.55404,-1.58171,-1.65009,0.48447,1.75216,-0.75883,-0.45205,-2.10614,1.52570,5.98720
0.24505,-0.26090,-1.89522,-0.05861,-1.27449,1.10678,0.07389,0.47837,-0.83379,0.25703,-0.87950
1.42648,-1.46531,1.86260,0.74632,0.85911,0.67134,1.39204,0.10452,0.06215,-0.87959,-0.59563
0.48167,-0.49335,1.37726,-0.31536,-0.22606,-0.09107,-0.66751,-0.01253,-0.32935,0.30243,-1.64531
0.10736,-1.35247,0.32847,-0.71320,-0.87682,-0.26636,1.82086,-1.69041,-2.78379,0.49386,-1.97488
0.42647,-0.26250,0.71766,-0.98094,0.76371,-0.25539,0.68574,-0.61535,-0.73802,0.31000,1.14457
-0.60971,-0.76210,0.75361,1.33753,1.45419,-0.95879,-0.17010,-0.03339,-0.93814,-1.15543,1.36965
-0.97984,-0.04314,0.01962,0.26269,0.40209,-0.37251,-0.56771,0.14938,-1.05708,-0.48333,1.74354
-0.71720,-0.68639,-0.35675,-0.69180,-2.11168,-1.94550,0.88929,-0.43486,1.16413,0.17955,-7.70593
0.30662,0.85409,-0.35892,-0.44839,0.01162,1.32552,-0.88553,1.07987,-0.74026,0.19649,3.31781
-1.12213,-0.03382,-0.82004,0.56920,-0.77496,-0.65980,-0.49591,1.39817,0.28461,-0.17996,-2.25053
1.21363,1.60062,1.53664,0.91606,1.52621,-1.09214,-0.57489,0.72476,-0.07796,-0.00288,0.09016
-1.43994,1.04949,-0.20989,0.21499,-1.04468,0.34366,2.47939,1.45726,-0.33036,-2.10513,2.96571
0.29166,-0.62100,0.31315,-0.33970,0.02293,-0.94277,0.42318,-0.07276,0.02614,-0.51433,-1.59375
-0.75399,1.62531,1.16335,0.89251,1.68932,0.69962,-0.37107,2.21608,2.02931,-1.36233,5.04609
0.74543,-0.44634,1.31103,0.49748,0.55242,-0.12090,-0.76972,-0.92332,0.62434,-0.37525,-1.52625
-0.69889,-0.89739,-0.58060,0.60254,-1.65834,0.29003,0.54859,-0.81069,-0.60950,1.40303,-5.45725
0.49619,-1.11487,1.17418,0.24728,0.65319,-1.51471,0.00418,0.80265,1.94714,-0.20123,-4.45405
-1.23870,1.29777,-0.56806,0.71935,2.56588,-1.14733,0.28560,-0.82930,1.49298,0.68195,2.20465
0.46196,-1.00145,-0.64826,2.51355,-0.33985,-0.52003,-1.46641,0.40278,-0.07117,-0.78901,-4.94405
0.46506,-0.19634,0.50565,0.14950,-0.09198,0.50547,0.37907,0.67066,-0.59210,1.11007,-1.84355
-0.58194,-1.31507,0.02945,0.71207,1.84756,0.19715,-0.23372,-0.57218,-1.54713,-0.52189,3.83489
-0.26453,-0.08177,0.25820,0.94662,-0.65696,-0.77884,-0.00850,0.35963,-1.25088,0.73918,-3.69224
2.05709,1.19055,-0.51942,0.17257,0.93319,-1.14995,0.90215,0.46151,0.37297,1.23035,-2.75787
-0.89851,-0.91305,-0.75181,-0.55415,-0.96898,-0.72824,0.36455,0.04285,1.73051,0.57611,-4.65377
1.99584,0.00344,0.50351,-0.20372,0.02230,-1.09153,3.52624,0.09611,-0.95238,1.18170,-4.51882
1.27703,-1.74680,-0.77380,-0.20459,-0.80840,-0.79355,1.53990,-0.94650,0.31133,-0.58756,-4.89486
0.73733,-0.30606,-0.75567,0.89380,-0.05609,-0.62151,1.26001,0.96862,-1.40926,-1.44012,-0.13681
-0.51807,-0.10143,-2.30097,-1.07332,0.14765,0.22857,0.79910,-0.25121,0.39275,-0.14563,2.17684
2.18442,-0.20220,0.56957,1.34383,-0.71114,-0.63710,1.93761,0.53005,1.06979,-0.74051,-6.39533
0.05055,0.28540,-1.54180,0.84476,-0.23582,0.28142,1.48806,-0.87897,-0.19441,1.70250,-3.17595
-1.72533,0.63987,0.79833,-0.30040,-0.67026,-0.59603,-1.37102,2.02495,0.23015,-1.75196,2.05325
0.61343,1.46935,0.45226,-0.45964,1.08331,-0.74704,0.55996,-0.63466,0.33816,-1.87766,3.76096
-0.26528,-0.97565,0.98947,-0.04122,-0.09846,-1.30233,-0.05012,0.59923,-0.89915,1.18220,-3.78356
-0.28630,-2.24554,0.71174,1.89511,0.26845,-0.19402,1.18922,-0.81414,-0.30529,0.15319,-4.57889
-0.42076,0.12210,1.71154,-0.56692,0.18563,-1.65656,0.54352,0.82961,0.01770,1.18173,-3.14813
0.83753,-0.47200,1.19155,-0.23684,0.75371,0.20257,1.99421,-0.20585,-1.76703,0.11794,1.23649
-1.17803,-0.37033,-0.32056,0.76889,-0.80789,2.25034,0.20016,-0.16320,0.21855,0.88777,-0.56090
-1.00626,-0.57940,0.63268,0.57895,-1.11454,1.07874,-1.36147,-0.25686,-0.61014,-1.07471,0.44527
0.52063,-0.23357,-0.26616,-1.27183,-0.89618,2.35234,-0.75582,0.08661,1.04338,1.09071,0.16530
-0.52081,2.00224,0.36760,-0.06363,1.47678,-0.09828,-0.83764,0.28053,0.92707,-0.48054,4.75896
0.10256,1.57274,-0.70600,1.26844,-1.52465,1.43321,-1.40404,0.04888,0.13792,-0.46951,-0.79018
-0.77229,0.68597,-0.14096,-0.39127,-1.77193,-0.85763,1.14628,1.48280,0.28148,-0.04238,-3.47537
-0.52847,-0.00565,0.16586,0.67959,1.37243,1.15809,0.52527,-1.74380,0.38144,0.92997,1.66979
1.78743,-2.84184,-0.39082,0.83554,1.03275,-0.75800,-1.75104,0.05109,0.06622,-0.39581,-3.37565
-0.16503,0.28421,0.26052,0.93039,0.84691,-1.31892,1.08252,0.89937,-1.01284,0.08516,-0.73936
0.56738,0.75290,-1.16573,-0.22353,0.54548,0.04629,-0.24948,1.43482,2.31219,-1.11152,1.26204
-0.00358,-2.07839,-0.75690,-1.24887,-0.85148,-0.25282,0.10935,0.09377,-1.72328,-0.37064,-0.75360
1.12149,-0.38265,-0.16900,-0.17095,0.07709,0.11951,0.81315,-1.34036,0.50035,-0.46240,-1.16943
-0.76118,0.51469,1.77100,0.09477,0.64906,-0.97743,0.11952,-0.05731,-1.56598,-0.74092,2.18769
0.77858,0.12544,0.28319,1.81160,-0.06830,-2.64350,1.12688,0.32921,0.39568,0.31281,-7.79207
-1.23673,-0.04548,0.22580,0.62679,0.91267,-1.25636,-0.94684,0.12960,0.15570,-0.92324,0.73933
-0.30748,-0.75203,0.88901,0.10717,0.57873,-0.94229,-0.23527,0.22440,0.48903,1.05299,-2.90729
-1.92732,-0.06237,0.88215,1.86721,-0.60513,-0.29004,-1.60562,-0.12911,0.89078,1.59477,-5.64592
0.64466,-1.13956,0.93763,1.25390,0.01511,1.76474,-0.28954,-0.86625,1.14913,-1.43047,-0.45032
-1.27605,-0.29867,-0.39377,-1.03301,0.78359,-0.30854,-2.32965,-0.08956,0.77741,-0.92328,3.80868
-0.09299,-0.09972,-0.69059,0.81075,0.50322,-1.48387,-2.15451,0.48201,-0.51751,-2.14589,1.11107
-1.17837,0.61836,0.13589,-0.60700,-0.62971,-0.42211,-0.60566,-0.95064,0.93734,0.58956,-1.51485
0.56293,-0.17622,0.40052,1.67154,-0.50546,-1.75805,-0.71407,-0.05470,-0.87125,0.44541,-6.51158
1.16421,-0.44867,-0.21575,-0.90315,-1.54533,0.85504,-0.21330,0.23142,0.80358,-0.75072,-1.85096
0.75361,-0.77123,-0.13613,0.71779,0.37321,-0.23190,-2.19544,-1.19996,-1.24745,-0.54163,-0.18433
-2.35726,-0.16103,0.70593,0.62666,0.77228,-0.37995,0.03664,-1.25071,0.96798,0.12068,0.45453
-1.74305,-1.19781,0.39333,1.97225,2.65668,0.24460,-0.15715,-0.56015,-1.13262,-0.55945,4.49220
0.71782,1.40790,0.37978,-0.16472,-1.26585,-0.95896,0.21690,0.44112,-0.02817,-1.03546,-2.08559
1.09164,0.24612,0.21538,-0.26558,-0.40241,0.53579,-1.01252,1.42572,2.65166,0.39639,-2.86942
1.13387,-0.00367,0.46291,0.41920,0.50459,-1.24001,-0.08604,-1.03503,1.90700,0.87859,-5.24156
0.74081,-2.23013,0.09285,-1.38990,-0.88974,-0.36734,-1.27343,0.42364,-1.21152,-0.31162,-1.99729
0.79707,1.62720,-0.45559,-0.03093,-0.32019,-0.38761,-1.06303,-1.31614,-0.13192,-0.18913,-0.22166
-1.12570,-0.49696,-0.41263,0.62943,1.18283,2.03933,2.49314,0.95457,-1.44765,1.70313,3.24189
0.84476,1.61899,1.13900,1.44248,-1.39352,-0.45202,-0.86028,1.16728,-0.37775,1.05287,-6.05918
-1.07230,0.44136,0.28988,0.86177,-1.41182,-0.32227,0.32490,1.56119,0.72196,1.37598,-5.50308
0.12150,-0.53716,2.29895,-0.47235,-0.29942,0.81888,0.57517,-0.10478,2.20468,-2.03647,0.45500
-0.94850,-1.12311,-0.84953,-1.13771,0.51461,0.13690,2.26150,1.35850,-0.36022,0.26108,1.95463
-0.13088,1.23182,-1.90995,-1.03634,0.71608,0.59773,-0.85104,0.54006,-1.63504,0.64883,5.19893
-1.80023,1.02979,-0.81808,-0.31198,0.18712,0.35836,0.28035,-0.51907,2.58429,1.80191,-1.00701
0.38389,-0.66074,0.49809,1.35675,-0.35880,1.24002,0.34914,-0.98794,0.30212,-0.12417,-2.14431
-0.28186,0.87255,-0.57645,0.34167,2.37881,-0.34094,-1.09337,1.10518,-0.57178,0.66546,4.20320
0.59392,2.02735,1.59781,0.08886,-0.90293,0.86199,0.59719,-0.59520,-0.76173,-0.07607,0.43515
1.16198,-0.21853,-0.06862,-0.23829,0.39633,-0.87559,0.32838,-1.37304,0.83044,0.87236,-3.61505
1.08560,0.46504,-0.79573,-1.43269,-0.57161,0.99098,2.30010,0.53043,0.62361,-0.61453,1.36003
1.53435,1.09465,-0.56917,1.19139,-0.07379,-0.30854,-0.59933,0.23022,-1.37814,0.75686,-2.40952
0.76179,-0.71376,-0.73400,-0.44345,-0.24622,0.20786,-0.19576,0.74724,-1.33226,0.02914,0.09225
0.27372,-0.30396,-0.31643,-0.93530,-0.68025,-1.06228,-2.43688,-0.19665,-2.25861,-0.54240,0.30350
0.21164,0.56894,-1.20909,-0.62998,0.51469,0.29276,-0.31047,1.59223,0.03470,0.48075,1.93247
-1.39650,1.14556,-0.90566,0.31855,-1.21743,0.93229,0.10597,-0.81926,-0.46741,-0.64949,1.44012
-0.63495,-0.27257,-2.08326,-0.29477,-1.00202,1.00349,-0.13475,-1.16704,1.01010,0.43321,-1.18335
-1.54073,0.31432,0.05350,-1.57034,-0.12728,-0.57076,-0.67462,-0.25104,-0.42887,-0.55744,3.07571
-0.03383,-0.74627,0.63583,-0.74122,-0.20201,-1.76622,0.01365,0.85396,0.00246,-0.21145,-2.66635
2.11149,2.63108,-1.17054,0.95518,-0.31359,-1.78129,-1.11297,1.00906,-0.08412,-1.07308,-2.32596
-1.56781,0.88710,-1.02811,0.03481,1.26101,0.12577,0.38366,0.14244,0.23284,0.27064,3.79406
0.45922,-1.08856,-0.90990,-1.14950,0.10665,0.47613,0.60766,1.09759,0.18098,0.08426,0.61007
-0.82271,0.01208,0.29690,0.25214,0.00989,0.46821,1.75350,0.51322,-0.99355,-1.37750,2.78023
-0.20721,-1.11132,-1.02804,-1.18137,0.83028,-1.15538,-0.05410,0.42217,0.55139,-0.50615,0.74143
-0.11978,-0.21255,-0.55276,-0.37255,1.32002,-0.43021,0.71596,0.79677,-0.36481,-0.86197,3.52320
-1.64196,-1.49021,0.35697,-0.98681,0.87621,0.21047,-0.55588,-0.20770,0.40966,0.31611,2.26913
0.14757,-0.35792,1.36926,-0.03455,0.76510,0.31963,-2.01633,1.35161,-0.53091,-0.06968,1.82693
-1.91168,1.44927,-2.03522,-1.08187,-0.08767,-0.73658,-1.51071,-1.09859,1.34430,-0.20364,2.41734
-1.74628,-0.90555,0.54368,-0.74800,0.58820,-0.36579,0.78184,0.24329,0.89566,1.40176,-0.72932
-0.33815,-0.52039,0.91293,-1.24714,-1.59173,-0.82715,0.18447,1.22340,1.07590,0.68247,-5.21269
0.13713,-1.18080,0.49730,0.42672,1.43840,0.52416,-0.31905,1.14299,-1.07994,0.61843,1.56039
0.70980,0.52573,-0.20761,0.68360,-0.09435,-0.44966,-0.44056,0.36021,-1.40722,0.14188,-0.91229
0.55028,1.18637,0.89263,1.02429,-0.04455,-0.49573,-0.43344,0.00734,0.21366,-0.26754,-1.78358
-0.06211,0.05631,-0.87270,-0.15126,0.19596,-1.04543,-1.08234,-0.08465,0.26220,1.89866,-3.43228
0.19708,-0.03835,-0.76821,1.37655,-0.15437,-1.19033,-0.42733,0.98108,-0.27407,-0.17453,-3.45683
0.37778,-0.62072,-1.45005,-0.77338,-2.53584,-1.10832,-0.08465,-0.27525,-1.34734,0.02748,-5.35886
1.24637,-0.07143,-0.00145,0.23339,0.71988,-2.06502,0.41642,-0.41026,-1.22871,-0.13091,-2.19183
2.15436,0.14262,0.50195,1.17280,-1.01755,-0.83095,-0.61044,0.52260,0.43988,0.19496,-6.99440
-0.02295,0.90019,1.35759,0.01492,-0.56927,-0.25014,0.49404,0.69380,-1.49769,0.10794,-0.40360
-0.14480,0.28842,0.32958,0.23234,-0.40198,-0.52433,0.19448,-1.27734,-0.48944,1.15699,-3.10512
1.54892,0.47262,-1.68785,0.90667,-0.98520,-1.25505,0.48444,0.41168,0.86215,-0.31252,-6.01519
-0.86540,-1.10077,0.27583,0.32030,1.16624,1.06756,-0.85118,0.26201,-0.47893,1.41228,1.65479
0.34939,-1.04893,-0.28435,0.49292,-0.01432,-1.44085,0.21580,0.23863,0.54021,-1.43040,-2.88335
-0.50592,-0.96436,-1.97283,2.15919,0.71762,-0.21007,0.74655,-0.83586,0.39689,-1.54155,-0.51648
1.61394,1.55292,-0.56859,0.28369,-0.24983,1.47980,1.96769,0.11058,0.22203,1.37774,-1.12548
0.22367,0.84297,-0.43206,-0.38287,1.04472,-0.60474,0.91281,-0.41277,0.33431,-0.36008,1.89174
1.87622,-1.79786,-1.81845,-0.35416,-0.28457,-0.37384,0.06833,-0.43228,-1.79733,0.97528,-3.73230
-0.34551,-0.70242,-0.35387,0.83227,-0.00849,-0.25366,-0.13404,0.09678,-0.95672,-2.30521,1.24641
-0.10918,-1.30030,-0.26348,-0.56215,-1.58533,0.21640,-0.00419,0.11056,-2.13153,-0.11026,-1.55214
0.20353,-0.94638,0.09899,2.00160,0.21423,1.96036,1.01756,0.09626,-0.77962,-0.38292,0.07478
-2.03179,0.13338,1.43956,-0.54818,-0.97500,-1.20957,-0.00273,-0.43939,-0.31747,-0.58135,-1.01883
-0.32813,0.06348,-1.07524,-0.01026,-0.87316,0.16994,-0.22084,1.17138,-0.30133,-1.23411,0.59360
-1.11187,0.53123,-0.49080,-0.14706,-1.50194,1.37827,0.09437,-0.46749,0.67182,-0.75034,0.77823
-0.03811,1.78305,-0.19358,0.69893,-1.54105,0.11882,-1.31324,-0.95997,-0.27741,1.14298,-3.87626
1.10251,-2.30822,-0.04096,-0.14424,-0.57119,-0.35903,0.05757,0.46999,2.00485,-0.17592,-5.89206
-0.70192,-1.62406,0.45947,-2.45027,-1.33161,-0.99987,0.17528,0.25332,-0.17530,-2.08969,0.44515
-0.16856,-0.29980,-1.20895,-0.05893,0.68278,-0.17324,0.32285,-0.04594,0.76090,-0.37227,0.89536
0.16353,-0.51101,-1.29097,0.25760,-0.41645,-0.50356,-1.35257,1.00892,0.11894,-1.41637,-0.61570
-0.06751,0.99206,1.90305,-1.25074,1.28142,-0.94530,0.78605,-1.45708,0.24587,1.49634,0.55931
0.78052,1.13944,1.24845,1.47223,0.03545,-1.11576,-0.77472,1.70109,-0.71735,-0.10104,-2.66885
1.46298,-0.79376,-1.03718,1.05457,-2.50890,0.12210,-0.38665,0.87659,0.08455,0.34708,-8.56113
1.07912,-0.02079,-0.03087,2.56295,0.18472,-0.75321,1.51534,1.14682,1.63532,0.06976,-6.73525
-0.07088,0.12960,-0.25481,-0.02907,-1.09937,1.55337,0.46460,0.62835,-0.60843,1.65421,-1.58046
0.82898,0.60610,0.45146,0.65410,-0.35508,-1.33318,-2.49914,-1.04761,-1.68217,1.25260,-4.05226
0.01855,1.55955,-0.09254,-2.40343,0.86001,-0.10868,0.45853,-1.48081,0.87437,1.03327,3.42492
-0.96220,0.34752,-1.06029,0.59132,0.20300,0.52171,0.09746,-0.09065,0.93934,-1.09132,1.94907
-0.05688,-0.02305,0.42932,-1.01437,-0.55409,0.71160,-1.55656,0.99836,0.99533,-0.56840,0.81889
-0.62108,-0.27571,0.55737,-1.57053,0.78611,1.49881,0.01412,-0.50118,0.01858,-0.58426,6.31130
0.91198,-1.03984,-2.67822,1.21910,-0.76803,-1.63263,-1.53779,0.23131,0.40834,1.27227,-8.57789
0.78307,1.14489,-2.60064,-0.16031,0.05773,-0.92582,-0.20170,-0.56704,-0.42166,0.66866,-1.16301
-0.69050,1.34316,0.27907,1.94637,1.78734,-1.04457,-1.19157,-0.13793,-0.81511,0.39667,1.16268
-0.34154,-1.66009,-0.42933,0.06872,-0.39048,-1.62223,0.18305,-0.41965,-1.65614,1.03030,-4.49987
-0.26607,0.57540,0.65740,-0.01664,1.55631,0.58347,0.30793,0.67190,0.89818,-1.58104,5.53724
-1.01742,0.41218,-1.26749,-0.90398,-0.31876,0.29455,-0.08543,0.22336,0.77423,0.33205,0.97145
-0.30619,-1.05949,-1.01955,0.19531,-0.73388,0.65916,-1.51996,0.42330,-0.21268,-1.87514,1.11674
0.61813,0.81875,-1.11425,0.45616,0.58081,0.81964,-0.36789,2.15090,-0.76205,1.05694,1.39348
-0.55630,1.85401,-0.63763,-0.40242,-0.07187,-0.70296,0.09868,0.32037,0.14482,0.31917,0.82122
-0.13951,-0.56510,1.16505,0.91086,-0.71300,0.91813,0.96837,1.12607,-0.89234,-0.33978,-1.10188
-0.79479,0.16562,0.74072,1.34605,0.35397,-0.40413,-2.71345,0.23418,-0.75886,0.57980,-1.24173
0.80664,0.62808,-1.41438,-0.12666,-0.49726,0.78436,0.77673,1.55706,1.29039,0.68957,-1.71287
2.61292,1.53664,-0.50834,-0.85670,1.11864,1.09396,-0.35492,-0.19359,1.25093,1.49328,0.94403
0.08030,-0.95010,-0.73405,-0.78189,1.12421,-2.23357,-0.59315,2.39436,-0.04462,-0.34556,-0.20849
-2.92680,-1.07743,-0.28426,0.69091,0.32807,0.51449,-0.80211,1.06316,-0.71399,0.40002,1.79285
-0.78489,-0.61187,1.58224,0.95583,1.08707,-1.25931,-0.36800,-0.68246,1.94584,-0.95836,-1.99787
-0.17579,-1.53731,2.64394,-0.57493,1.18492,0.82439,-0.48685,0.25719,0.37172,-0.81219,2.81445
0.79643,-0.83902,-0.44668,-0.88883,0.49861,0.04811,-0.74141,-0.63752,-0.31891,-0.31104,1.15595
-0.98249,0.69647,0.13425,-0.59566,0.33888,-0.85759,-0.16792,0.22031,1.74599,-2.60910,3.25272
-0.40360,-1.87067,0.64899,0.07008,-1.23344,0.82039,-0.07470,1.07170,1.16328,-0.95013,-2.79707
-0.10674,-0.94884,0.64465,0.10101,-0.34764,-0.79039,-1.39428,-0.03679,-1.28510,0.38171,-2.44692
-0.69315,-0.37557,1.47756,1.22689,-0.28779,0.84423,-0.70880,-0.03946,0.73321,-1.06584,-0.47213
1.45849,0.02101,-0.78295,-0.59877,-0.04302,-0.06400,0.22149,-0.68777,-1.55620,-2.33328,3.24369
-2.80814,0.52107,-0.77829,0.22050,-0.59976,1.94961,-0.01118,-0.33418,0.07029,-1.09924,5.02146
0.69884,-0.47259,0.55466,-0.27817,-0.97082,1.47981,0.09995,-1.22579,0.13518,-1.51015,0.64120
2.07818,0.98528,1.41554,-0.35412,-0.52344,0.79562,-1.52613,-0.57147,0.40281,-1.33694,0.37339
0.87321,1.31863,-0.71299,-0.61445,-0.35097,-1.02935,0.86746,-0.03803,1.67549,0.37130,-3.02332
-0.18737,0.70744,1.04911,0.70992,0.47040,-2.65788,-0.28343,1.71540,0.23588,1.62018,-5.51059
0.71233,0.69418,0.11475,0.19914,0.58435,-2.86064,1.29517,0.11484,-1.03307,0.96225,-3.91079
1.33137,1.05665,0.29238,0.04419,-1.32200,-0.67981,-1.86529,0.46905,-0.29145,-0.31192,-3.31406
0.42171,0.39783,-0.18466,0.67204,-0.17899,1.40096,-1.69084,0.48715,1.07421,0.08461,-0.15675
0.43209,0.00634,0.85303,1.10787,0.00197,0.91583,-0.79498,0.64515,-0.49704,-0.94707,0.75477
0.84094,0.00137,-0.31644,-1.06442,-1.56653,-2.10960,1.53283,-1.03833,-0.13172,-0.60927,-5.14264
-0.14366,-0.43190,0.17200,1.09369,1.41066,0.34184,-0.29803,0.43748,1.18247,-0.14807,0.52370
-0.15647,-0.11434,0.35244,-0.29299,0.06301,1.37709,-0.04389,0.78463,-0.13704,1.37924,0.27367
-0.94990,0.20449,0.03783,-0.58421,-1.01029,0.89508,-0.30409,0.14371,1.40239,1.08333,-1.83251
0.53034,0.93679,-1.04872,-0.71851,1.94446,-0.42443,-0.59289,-1.60167,1.27277,1.03934,2.10827
-0.81779,0.81107,0.12078,0.39081,-0.47866,-0.71393,0.45254,0.75699,0.07013,-1.13415,-0.06753
-0.64020,-0.39034,-1.56163,1.90537,-0.93266,0.77661,-0.59914,0.69253,1.10268,1.14180,-5.04630
-1.66991,0.33032,-0.01168,0.01257,0.01509,1.23258,1.61690,-0.80738,-1.14215,-0.35475,4.03239
0.69628,-1.76366,1.10648,-0.69330,-0.37406,1.36092,-1.07026,1.16922,0.84101,-0.28525,-0.83329
-0.76970,0.80217,1.32874,0.30360,0.39500,-0.35171,-0.27296,-0.96695,-0.99104,0.76009,0.37030
1.77929,0.39935,1.64593,-0.17192,2.08830,-0.72000,0.85733,-1.00966,-0.24299,-1.09666,2.98677
0.90482,-0.12276,-1.22723,-1.27941,-0.45085,0.53882,-1.05014,-0.25843,-0.12886,-2.42111,3.65637
-1.27657,1.44248,1.35158,0.38615,-1.30049,-0.12841,0.74801,0.71089,-0.27751,-0.79156,-0.47197
-0.45258,-0.83545,0.52527,-1.53084,-0.22498,-1.21921,0.96895,0.14862,-0.34647,-1.76049,1.31680
0.58407,2.48084,2.03657,2.06128,0.97016,0.79646,0.00256,-0.81928,1.85813,-1.00653,1.03035
0.18593,-0.65333,-0.81737,-0.96715,-0.00498,-1.37686,-1.00134,-1.34440,-0.60171,1.62344,-3.39541
-0.93130,1.05510,-0.66187,1.42070,-0.37772,-0.36580,1.10225,-0.44883,-0.27538,-1.84476,0.73827
-0.75907,-0.24613,-2.43812,-0.84307,-0.74927,-0.01315,0.76222,0.88557,-0.90182,0.92380,-0.61052
0.23813,1.82643,1.17685,-0.33224,1.03190,0.70686,0.58572,1.01220,0.19287,1.20519,2.62014
-0.25419,1.45241,-1.69765,-0.94184,0.44694,-0.03984,0.68073,-0.73476,0.48670,-0.39523,3.32673
-0.90851,-1.09080,-1.74117,0.00482,-0.05168,0.20839,1.89300,0.19061,-0.25071,0.27692,-0.37251
-0.10127,1.11322,-0.17463,0.72807,-0.17822,-0.28836,0.61395,-0.85347,-0.01341,0.09593,-1.27798
0.12209,-0.97896,0.02461,0.58434,-0.39638,1.27300,1.40902,0.38154,0.68915,-0.39997,-1.35321
-0.33523,0.77953,-1.51351,-0.61803,-1.37421,-1.52930,0.66138,0.12722,0.82538,-0.30691,-3.46897
1.27780,-1.18214,-0.01466,-2.51337,1.10893,-0.77350,2.81893,-0.11383,-1.84371,0.65844,2.13558
0.22193,2.35527,-0.09772,0.34333,-0.15338,-0.83522,1.28044,-0.62295,-0.24951,0.65646,-1.18761
2.78008,0.54330,1.45832,-1.44921,0.36765,-1.12057,-0.51077,1.10487,-0.56915,-0.10544,-0.69989
-0.43683,1.97207,-1.68519,0.08860,-0.48408,1.31943,0.43362,-0.72378,0.72728,0.53972,1.56303
-0.29665,-1.03260,0.36776,-1.49075,1.46931,1.37134,2.24142,-0.85886,-1.26572,-1.12463,7.44861
-0.16017,0.73224,2.08829,0.45738,-1.75986,1.43049,1.64766,0.33305,0.74369,0.46622,-3.25563
2.21381,1.26618,0.58255,0.24863,-0.76308,0.78867,-0.12077,-0.18612,0.15919,0.90239,-3.03060
-0.44682,1.16776,0.09027,1.26090,-0.80705,0.99622,1.06209,1.08156,0.75888,-0.99586,-0.10165
-1.58515,-0.30115,1.16316,0.88384,1.34285,0.48392,-0.26366,1.09152,0.24468,-0.77628,3.33581
-0.33481,-1.17212,-0.88627,-1.64834,0.62885,0.66924,-0.15364,-0.35402,0.08161,-1.35798,5.10113
-0.40670,1.88994,2.44974,0.32620,-1.09429,-1.30937,0.91068,1.24300,1.82698,-1.10030,-3.22180
-1.26663,-0.15835,-1.71396,0.27204,-0.55840,1.52666,-0.01529,-1.39613,0.83122,-0.28320,0.99602
-0.18145,0.17459,-0.08332,-0.50206,-0.30609,-0.06086,-0.95741,-0.28110,0.12053,-1.16366,1.33497
-0.79498,0.71428,-0.29800,-0.45005,1.15870,-0.90882,-0.20781,1.42982,-1.51546,1.32389,2.29403
-0.48752,-2.14676,-0.44375,1.64023,0.07604,-1.62349,-0.10945,0.20027,1.27904,0.15884,-7.31930
-0.23154,0.33472,0.28432,-0.34159,-0.24596,0.01540,0.23892,-1.20048,0.19132,0.42436,-0.82480
0.02287,2.74048,2.22797,-1.81263,-0.07640,1.90996,0.52094,-0.22546,0.01848,-0.12280,6.46236
1.08471,-0.10200,-0.81068,0.88239,1.29177,1.13484,-0.36060,1.28577,-0.41401,-2.27182,5.18149
-1.77085,1.69509,1.16532,0.13526,-1.23882,-0.84031,1.00301,-1.05794,0.90246,-0.29104,-2.13980
1.29938,1.37339,-0.49113,0.75729,0.83636,-0.86808,0.18400,0.45949,-0.19351,0.10832,-0.64193
-1.00701,1.82402,0.22660,-0.75377,-2.10386,0.83325,0.30561,1.03928,0.71147,-0.44873,0.00081
0.61073,-1.59576,0.16354,0.10383,1.28004,-1.65746,0.26216,0.85242,-1.09765,-0.14848,-1.16294
-0.92072,-2.21854,1.06087,-0.50520,-0.12181,1.43291,-0.97662,-1.10362,-1.58523,0.66958,0.83535
0.43279,-0.12694,0.86836,-0.00714,-0.34161,-1.20594,0.44912,1.80574,-1.93151,-2.08884,0.96087
-0.23526,1.74244,0.91996,0.56614,-1.29022,0.42093,-0.06740,0.73675,-0.54930,-0.36492,-0.64342
1.21901,1.43833,-1.54362,-0.17996,-0.24867,-0.10832,-0.22303,0.47896,2.00041,0.33385,-2.03572
0.31632,-0.32685,-0.52030,-2.29418,1.52532,-0.40739,0.02508,-0.26636,0.06404,0.81125,3.41776
-0.61436,0.39306,0.97844,0.45707,0.87581,0.97267,-1.21173,-0.43162,-0.03691,-0.59851,3.73704
-0.94519,-1.28356,-0.23763,0.68942,0.06819,-0.78306,-0.58501,-1.95492,-0.61286,0.32376,-2.56147
1.00917,-0.03831,-0.06102,0.07006,-0.05025,0.46727,-0.55381,1.11052,-1.26488,0.04747,0.40798
0.03553,-1.54637,0.44064,0.68880,-0.72119,-0.07277,0.67575,-0.57372,1.39383,0.42538,-6.04181
-0.22451,0.25515,-0.38480,-0.86284,0.65450,-0.35149,0.37628,-0.50693,0.78737,0.51362,0.39691
0.11105,0.61700,-1.22999,-0.64103,0.51416,-0.54913,-1.00514,0.15757,1.46764,0.54009,-0.26034
-0.87229,-1.26487,0.34434,0.04343,-2.33570,-0.34217,1.01214,1.03120,-1.20493,0.14732,-5.21193
1.63261,2.12449,-0.99084,0.34392,0.96569,-0.15595,-1.15904,-0.09999,0.69541,-0.67807,1.85923
0.51490,-0.64092,0.43375,1.38114,-0.22402,-0.54771,1.10445,0.49514,-1.50164,-1.93635,-0.88940
-0.60564,-0.54474,0.10697,-1.32031,1.06465,-0.83755,-1.13053,0.37530,-0.36989,-1.39120,4.42618
0.94563,0.38903,-0.65714,0.67244,0.58992,-0.15516,-0.76271,0.39535,0.07052,0.57745,-1.26433
-0.18349,-2.20556,-0.22351,1.00305,-0.55828,0.53977,0.32609,-1.43777,1.01182,0.20454,-4.94887
0.74261,0.56559,-0.02993,-0.30166,1.82027,1.36588,-1.15950,0.06946,0.20439,0.24969,5.03789
0.55451,-1.11753,0.29728,-1.36835,0.53795,0.82356,-0.06096,-0.58421,0.07638,0.31806,1.68584
0.39503,-1.19586,0.35629,-0.07974,-1.38125,-2.50454,0.79971,-1.06333,-0.27403,0.66460,-8.99366
0.15961,0.76012,1.90409,-1.28563,-0.54814,1.66183,-1.72454,0.72655,-1.13939,1.09098,2.58450
0.02913,1.80844,1.76091,-0.67496,-1.33527,0.16789,0.02105,0.20823,-0.15454,1.30758,-2.29044
0.86309,-0.18478,0.05739,-1.70605,1.08826,0.95482,-1.35636,-0.91028,0.95216,-0.16305,3.99293
1.64602,-1.73763,1.16762,0.82754,0.43041,0.64356,-2.51979,-0.36432,-0.95070,-0.26827,-1.38087
-0.00778,0.64871,0.07551,-0.90858,0.38401,-1.04269,0.19892,0.95949,-1.00870,-1.82342,3.80832
-2.18225,-0.23273,-0.30607,0.98497,-1.58921,0.67586,-1.38349,-1.44021,1.93106,-0.78443,-2.71451
-0.42384,0.40668,1.20648,0.43532,0.97523,0.34714,0.94689,-0.92872,-1.73680,0.39900,2.57243
-0.66460,-0.23970,-1.36578,0.26208,1.20560,-1.06640,2.16371,1.29221,-1.09528,0.33984,1.07279
1.51620,-0.22141,1.13895,0.01284,-1.13829,0.39110,0.49782,1.10703,-0.39850,-1.09883,-1.98487
0.06358,0.68518,-2.22032,-0.73219,-1.31061,-0.78582,0.13127,-1.37264,1.59538,-0.17593,-3.22184
-0.07366,2.26049,0.41328,-0.47746,1.07637,0.84445,-0.05862,1.15702,0.22495,0.14193,5.08255
0.70679,0.91898,0.09434,0.43136,2.99290,0.32475,-0.49979,-0.37894,0.58455,0.28614,4.88598
-0.02400,-1.11329,-1.46140,-0.56562,-0.67660,0.53663,-0.23704,2.04524,0.26059,-0.51488,-0.28770
-0.12172,0.26057,0.70387,0.24501,1.01997,-1.18017,-1.22604,0.17057,-0.50596,-0.69051,1.17277
0.07521,-0.43193,0.74455,0.48859,1.17753,-0.35974,3.10779,0.92204,1.30862,-1.02399,0.30604
0.13360,-0.13424,-0.25353,-0.14870,0.91571,0.86593,-1.26358,0.45319,0.21409,-0.25325,2.96356
-3.05149,1.05766,-0.39696,0.99819,1.03354,1.25463,0.88710,-0.10950,0.99151,0.15719,4.42908
-0.06267,-0.50270,0.38078,-2.29693,0.91624,-0.54910,1.45077,-0.28186,1.20953,-1.92070,4.41953
1.01933,-1.70423,0.18456,0.11706,-0.84361,-0.49807,-0.04693,0.78783,-1.12189,0.95458,-5.46426
-0.57290,0.21932,0.72821,1.07997,-0.42243,0.11826,0.69638,0.14807,-1.29535,0.68046,-1.97822
-1.38622,1.55013,-0.16506,-0.09275,-1.09381,-0.60447,-0.30464,-1.26566,0.48596,0.46588,-1.91763
0.21980,-2.12990,0.56866,1.89288,0.28483,0.83731,-0.04513,0.72551,-0.84600,0.25683,-2.71043
-0.59864,-0.05400,-0.47318,-0.94976,0.41161,0.28919,1.28177,0.04422,-1.63969,1.47744,1.74818
-0.39203,0.39995,0.54591,0.05115,0.49246,1.02279,-0.16528,0.82716,0.13804,-1.41494,4.20452
-2.16745,-1.34068,-1.54588,0.94114,0.43758,-0.28629,0.41066,-0.76521,1.57004,-1.71242,0.46380
0.81330,-0.28034,0.08973,0.82345,0.70379,0.04051,2.30090,-0.68920,0.62603,-0.97537,-0.61700
0.35973,-0.85193,0.84150,0.54015,0.41422,-0.63690,-0.72941,-0.03546,-1.27822,0.35634,-1.65151
-0.09396,-2.12301,0.79373,0.56557,0.19648,0.29538,1.55519,-0.26939,1.87124,0.24310,-4.26515
-0.75600,1.26512,-0.51453,0.33698,0.41579,0.05201,0.84080,-0.36219,0.63776,-1.15942,2.78685
-1.17460,-0.52711,0.66281,-0.52248,-0.19765,1.28842,-0.65603,0.86628,-0.81267,-0.87218,4.00576
-0.37372,-0.58827,0.23700,-0.26423,0.81559,-0.31666,-0.93619,0.56077,-1.24685,-0.37499,2.35872
-0.85054,1.04614,-0.71589,-0.57313,1.32762,-1.20984,0.41127,0.57260,-0.09772,-0.15000,3.35010
-1.33071,1.09982,1.02265,0.70720,0.38620,-1.07089,-0.11760,0.24009,-1.66721,0.29504,0.70264
1.09165,-0.25121,-0.74819,2.37880,-0.10038,-0.45813,-1.19500,1.38535,-0.76097,-1.26268,-2.56177
-0.94055,0.95971,-1.48350,-0.90890,0.50093,0.43261,0.75040,1.29483,-0.61118,2.27205,2.07801
0.72484,-2.93776,0.45806,-0.04121,1.21057,0.29442,1.03859,0.40061,-1.98400,1.07206,-0.71753
0.11619,3.21585,-1.24776,-0.79569,-2.04365,-0.83378,0.17619,1.19392,-0.17806,1.84348,-3.46622
0.15480,0.89479,-1.11620,-2.07608,-0.12727,-0.09994,-0.63164,-0.89426,-0.88937,0.85137,2.24106
0.23824,-0.29534,-0.31440,1.62395,0.55506,1.27224,0.45612,-1.37989,1.33836,1.91870,-3.80293
1.27471,1.47641,-1.18263,-1.06838,0.64036,-0.37712,1.41216,-0.34725,-0.11530,0.20117,1.98199
-0.15102,0.12274,-0.09503,-3.38965,-0.47404,-1.63980,0.50253,1.03323,-0.68456,0.23213,1.17400
-1.55336,0.86815,0.30999,0.54053,-0.11839,-0.08388,-1.22776,1.00253,2.62824,0.10159,-1.38215
-1.41628,1.55989,2.01009,1.94437,0.77895,1.02614,-0.74774,-0.35579,1.94875,0.34479,0.35932
-1.08581,1.98201,0.97090,-1.39376,-0.40184,1.24535,0.20490,0.51268,2.48179,0.82304,1.79958
0.42459,0.05464,0.14921,-1.24717,-0.25780,-0.09453,0.32468,-0.61904,-2.14238,-1.97709,4.19431
-0.72636,-0.01987,-0.65736,0.97808,-0.66305,0.08033,-1.03318,0.01374,-0.89477,0.52849,-1.93612
-1.55061,-0.38578,0.27168,0.03510,-1.19813,0.02621,-0.74817,0.05437,-0.52603,0.24085,-1.75751
-0.52649,-1.26716,0.20093,0.85660,0.30986,-1.26825,0.38844,1.48244,0.18635,1.26677,-4.83645
-0.30444,0.74365,0.23973,-0.69634,0.93816,-0.33767,0.51752,1.79661,-0.10160,0.22549,2.70948
0.46617,2.50473,1.50812,-0.00537,-0.85247,0.75930,0.33780,-1.60582,-1.12390,-2.55198,4.41523
-0.98780,-1.61760,2.69109,-1.16040,-0.59277,0.54735,-0.92116,0.12885,0.15191,0.04918,-0.42799
-1.39541,0.39426,1.04479,1.56486,0.47596,-1.91511,0.15171,-1.11850,-0.95320,2.00959,-4.92415
-0.28704,-0.42006,-0.44297,0.46355,-0.24939,-0.01807,0.39355,-0.65579,-0.38232,-0.55367,-0.71108
0.34537,-1.28348,1.40738,-1.23246,-0.63903,-0.48769,-0.04699,1.35568,-0.45560,1.90385,-4.24460
0.57543,-0.89180,-0.10213,0.13970,-2.11430,-0.24373,0.86687,-0.99454,-1.02843,-0.55699,-5.01664
-0.48994,-0.44854,0.86827,0.92028,-0.66565,0.69630,-1.09139,-0.36349,-1.08256,-0.43774,-0.63071
-0.06613,-0.40168,0.94787,1.80787,-1.04033,1.11007,-1.98854,-1.20088,-1.45549,1.85243,-4.66745
1.13509,1.72257,-2.94526,0.31103,0.55602,-0.07099,-0.18572,0.79106,0.70014,-0.56709,1.58616
-0.55606,-2.08892,0.20451,0.07479,-1.28915,0.13775,0.53273,-1.45729,-1.52066,0.38214,-3.75830
1.56662,-1.13531,-0.90931,0.99425,0.29696,-0.61086,-1.35057,-0.47850,-0.19022,-0.97486,-2.37623
1.03580,-0.45347,-1.12917,0.74987,0.44731,-0.59635,0.91945,0.86329,1.85321,-0.20769,-3.53447
-0.33767,-0.11727,-0.17257,-1.14086,0.95031,0.24476,-0.10933,-1.17963,-0.97483,-0.10047,4.05491
0.96966,0.94922,-0.44616,-0.40157,2.04741,-1.06583,-0.18253,1.05492,0.11314,0.92910,1.72220
0.07744,-0.62013,-1.04492,1.26602,0.03115,0.00563,-0.47821,-1.64602,0.31687,0.39955,-3.09829
0.98660,-0.68481,-0.32601,0.76006,0.01814,1.11857,0.06253,1.33530,-0.18812,0.30457,-0.96685
-0.83257,-0.31364,0.77346,-0.50840,0.44153,-1.36445,-0.41476,0.54341,-1.53254,0.66133,0.01834
-0.30219,-0.57221,-1.91577,-0.81697,0.97442,1.92032,-0.11779,0.75793,2.61336,-0.37521,3.98529
-0.40867,0.12518,-0.10954,0.98874,-1.05739,1.44691,-1.56408,0.63689,0.92420,-0.18332,-1.60934
1.46438,-0.64183,0.37722,-0.34081,-2.60679,-1.29065,-0.21691,-0.86023,-0.80192,0.62610,-8.94842
1.31918,-0.57611,-1.13301,-0.21453,0.88221,-0.37519,0.91772,0.91401,1.63863,-0.13947,-1.13669
-2.66595,-1.75781,0.71622,1.26248,-0.71471,0.46981,0.32241,-0.85793,0.65824,1.43798,-4.62958
-1.21559,-0.21790,-0.20829,0.75813,-0.83144,-0.75597,-0.18465,0.85851,-0.08705,0.46893,-3.51424
0.15630,0.16961,0.71418,0.81156,0.73384,0.02235,-0.57505,-2.50648,-2.25207,0.98811,0.32135
0.44885,-1.40895,-0.86471,0.24890,0.60353,0.75110,1.23569,0.71309,-0.75260,-0.41761,1.10260
-1.38936,0.09722,0.17534,-0.54102,1.62556,0.88043,0.03662,0.10856,-1.69790,1.02289,5.95132
-0.36243,0.32767,-0.13979,0.82928,-0.72115,-0.74417,0.93260,1.36809,1.84827,0.84303,-5.81346
0.96973,0.85771,1.54956,0.04628,-0.52904,1.99746,0.38025,0.16716,0.76730,-0.61949,1.08783
-0.67456,-0.74624,-0.08650,1.31795,1.76941,-0.65425,0.67492,-0.30563,1.01219,0.81525,-1.38419
-0.22699,-0.07313,-0.79630,1.27885,0.65551,-1.85424,-1.75456,0.55238,-1.04592,0.83953,-3.08861
-0.21229,-1.09002,1.75601,0.83916,-0.79823,-1.86032,1.08966,0.17946,1.27294,1.56158,-9.90752
0.24340,-0.78570,-0.65785,-0.09670,-0.74000,0.53470,-0.18298,1.23630,0.18396,0.76764,-2.91535
1.20214,-2.38827,0.58464,-0.50115,-0.73126,0.71230,-0.04039,0.32256,-0.56669,-1.02351,-1.59427
-2.02084,0.22179,-0.15032,-1.22985,0.71387,0.19460,0.26867,0.45971,-1.37107,0.00413,5.82228
0.06725,0.50365,-1.06353,-0.64963,0.37451,-0.68213,0.21147,-1.06872,-0.32002,0.07810,0.94071
-0.39806,0.31755,0.19794,0.98720,-0.06766,-1.23784,-1.41021,1.72929,0.75294,-0.16294,-2.94028
0.05282,0.36784,0.50422,0.97839,-0.03063,-0.12627,-0.66715,-0.79057,0.37318,1.29743,-3.70774
0.26658,0.53743,1.10558,0.51976,-0.70843,1.73397,-0.63226,-0.14417,1.26870,1.03589,-2.16167
-0.42512,1.01518,0.39293,-1.49878,0.92527,0.50197,-0.62716,0.54750,1.32037,-0.07808,4.41802
-1.14895,-0.11393,-1.34786,-0.69382,0.17325,0.20333,1.39387,-1.36358,0.21964,-0.71095,2.67492
-1.48580,-2.25225,1.53784,0.52608,-2.31798,2.03943,-0.06857,-1.33316,0.46955,-0.04781,-4.48586
0.17110,-0.28900,-0.93226,0.73570,0.33188,0.72960,0.30550,-1.54057,0.13496,-1.92677,2.34307
-0.15748,0.26403,-0.74979,0.63201,2.06556,-0.99684,-1.26051,0.05372,-0.41757,1.53020,0.50853
0.34508,0.11783,0.30673,0.08654,0.31173,0.30983,-0.21800,-1.34266,-0.11024,-1.18396,1.80932
-0.39641,-0.39514,-0.18045,-0.97486,-0.59547,0.85369,1.71148,-0.21956,-1.25760,1.88096,-0.65243
0.38623,0.10292,0.80082,1.35526,-0.71429,-1.11255,-1.45722,1.23079,0.48475,1.03428,-6.77245
-0.39677,0.35492,1.21882,0.72049,-0.58737,-0.55838,-0.89109,-1.65677,-2.33490,0.21699,-1.47834
-0.34101,-0.06992,0.26979,-2.60868,0.69070,-0.10711,-0.36971,-1.51133,1.70972,0.00501,2.63468
-1.46510,0.21181,-0.68143,0.43516,-0.17519,-0.00087,0.11635,-1.08351,-0.10913,0.96963,-0.80214
0.28222,-0.52100,0.05182,-0.18971,-0.28851,1.00551,-0.48717,0.33430,-0.48327,-1.08846,1.99654
0.23526,0.78631,-1.32720,-0.05239,-0.47267,1.37107,-1.04997,-1.16199,0.41302,0.16863,0.93529
0.48697,-0.69122,1.30158,0.36397,-0.40169,0.28213,-0.18939,0.95235,0.06624,-1.08377,-1.01902
-0.55140,0.74750,0.67194,-0.51273,-1.98135,1.36277,0.21677,-0.55594,0.58740,-1.90890,1.06282
-1.60389,-1.79927,2.29288,0.44719,-0.19838,-0.36465,-0.91465,-1.00538,0.07736,0.53795,-3.50516
-0.73304,1.39551,0.01036,1.18062,-0.12766,0.78009,-0.37381,0.28405,-0.26583,0.18383,0.79690
0.28856,-0.16935,1.92763,0.42515,-0.52101,0.73947,0.07016,-1.25444,1.43432,1.18458,-4.42071
-0.63826,0.08350,-0.70518,1.58602,-1.59096,-0.37205,-0.18270,0.02773,-2.04680,1.91650,-6.01359
0.86596,-2.58469,-1.96866,-0.08938,0.11602,-2.53971,0.52123,-0.83281,-0.24087,0.26593,-6.37443
-0.23652,0.30655,-0.17215,1.00207,0.54278,0.81042,-1.59671,-0.14285,1.42715,-0.41903,0.51336
-0.06673,0.48551,-1.71113,0.97198,1.31006,0.91090,-1.28991,-1.54932,-0.08577,0.48753,2.34586
0.21929,0.44648,-0.53795,0.70375,-0.36330,-0.39219,-0.68446,0.29750,-0.97364,0.29340,-1.75210
-0.13238,1.32973,-1.35298,-0.08040,-0.53207,2.12419,0.68272,-1.33827,-0.19349,1.40112,1.36672
-0.94333,-0.13848,1.06039,2.48210,-0.52702,0.01343,-0.59402,0.26655,0.61942,-0.04789,-4.47370
-0.39942,0.98999,-0.05514,0.01695,0.21160,-1.44526,0.87357,2.04243,-0.60483,-0.56918,0.54254
-2.14102,-0.19121,0.49530,0.07700,-0.49076,0.29337,0.25885,-0.56414,0.58988,-1.60072,1.98788
2.40182,1.49598,-0.79447,-2.34044,1.45491,-0.35354,-1.03376,1.20559,-0.18435,0.47165,4.12807
-1.78950,0.69596,0.71959,0.65752,-0.70894,-0.41236,-0.41961,0.88144,2.07719,-0.70450,-2.02536
0.49205,-1.23504,1.12709,-0.41634,1.47250,0.98018,-0.43905,-0.48770,1.54546,-1.75465,3.77791
-1.28035,1.19347,1.22796,0.23487,0.96634,1.28999,-1.05389,-0.85326,-0.56341,-0.02907,5.25970
-0.22750,-0.10960,-0.33179,0.33441,-0.57922,-0.83850,1.56316,-1.53647,-0.63847,-0.31330,-2.45052
-0.46626,-1.01242,-1.08457,-1.15626,-0.55613,-1.04054,-0.26008,0.18363,0.47237,0.33341,-2.56557
0.47577,-0.83423,-1.22003,1.09585,1.16087,-0.33677,-2.47043,1.35515,-1.12988,-0.93086,1.64415
0.06306,-1.16949,0.08573,0.08196,-0.04810,0.96582,1.23566,1.36697,0.10289,0.77282,-1.22103
1.36516,-0.00623,-0.51601,-0.88036,1.47206,0.63821,-0.50959,-0.64751,-0.06553,0.23033,3.20407
-0.31563,-0.56064,-0.52794,-0.16153,0.68611,0.22582,0.72131,-0.20649,-1.36248,1.42403,0.62539
-0.36170,0.53353,-0.37472,0.84422,0.27676,2.91426,0.27759,0.38474,-2.83452,0.20736,6.10832
2.62683,0.01937,-0.49484,0.32630,0.11045,-0.52464,-1.41482,-1.16507,0.68813,-0.54229,-3.01522
0.22502,-0.66958,0.25589,-1.11599,1.10272,1.32276,0.24938,1.03281,0.68106,-1.26685,5.39829
-1.20089,0.48739,0.17061,2.91007,1.68359,0.19938,0.90909,0.16229,0.42287,-0.27976,0.80341
1.00302,0.10665,0.79285,-1.22745,-1.26439,-2.14470,0.69948,1.27886,0.14500,0.16243,-5.54359
-1.71494,1.64705,0.68212,1.14641,-1.37787,0.34670,1.69561,0.34099,0.41140,0.09948,-1.84538
0.02099,-0.96833,-0.09676,0.32911,-0.56027,-1.02927,1.20208,-0.09153,2.75094,1.23130,-7.85819
-1.13368,-0.16657,-0.29932,1.01448,-0.43392,-0.16460,-1.67975,2.81595,1.09782,1.29234,-3.79617
0.05782,1.53299,-1.61736,0.19545,-1.05539,0.01148,0.21450,-0.45613,-0.38495,0.39712,-1.30793
-1.26738,-0.76712,0.93822,0.71090,-0.28452,0.77153,1.91051,0.39970,-1.12171,-1.39739,1.79743
-1.06168,0.81008,-1.69503,1.64518,-2.38685,-2.68121,2.68642,-0.52338,0.57704,2.02391,-12.50973
0.03092,-1.04280,0.64318,-0.12142,1.18200,-0.16064,-0.53459,-0.59290,0.83197,-0.50406,0.63450
2.25966,-0.97660,-2.65519,-1.33734,0.75242,1.22452,-0.88152,1.27760,-1.27009,1.59421,1.59996
0.83668,-0.17185,0.53325,-1.02934,-1.61603,-1.35214,-0.70386,-0.01047,-0.69333,-0.07507,-4.31876
0.17957,0.30699,0.38281,0.28982,0.68311,-0.11654,0.02045,1.03705,-0.96710,-1.33254,2.84683
0.95381,0.33535,-1.05288,-0.90178,1.68441,-1.48655,1.46827,1.40117,0.63610,1.45850,-0.47979
0.45092,-0.83792,0.91347,0.39293,-0.25136,-0.52536,0.28834,-0.18298,0.42767,-1.87926,-1.25878
-2.83149,0.07302,0.29914,3.13050,0.83441,1.04878,0.12725,0.31905,0.87278,-1.70621,2.51232
-0.08068,-1.12998,0.40846,-0.51726,0.17777,-0.05411,-1.03763,0.68361,-1.03584,-1.01993,1.99587
-0.18140,-0.92423,-0.66308,-0.37810,-0.43581,1.03791,0.89258,0.13434,0.33802,1.03323,-1.48709
0.08553,-0.18711,-0.66284,-1.18838,0.51580,0.68600,1.03107,2.60878,-1.76489,0.27124,4.17626
0.37821,1.65594,0.30965,-0.23421,1.39605,-0.99532,-1.04516,-0.80188,-0.04026,-0.30465,2.81921
0.64278,0.45911,0.38162,-2.16527,1.70605,0.08492,0.75510,-0.74989,-0.22586,1.78356,3.39271
0.35865,0.01838,0.37395,0.70777,-0.34307,0.48069,-0.16135,-1.78135,0.34852,-0.15394,-2.08060
-0.86661,1.95056,1.53748,1.20488,-0.63032,1.62675,-2.87966,0.47408,-0.47428,1.80525,-0.35908
0.14257,-1.79732,1.57066,-0.48732,-0.01692,0.03435,0.43381,2.02190,-0.54258,-0.78652,-0.01385
-0.60133,0.10737,-0.54557,-0.91346,-2.24843,1.35959,-0.66290,0.35414,1.62725,0.63164,-2.89608
-0.23079,-0.78851,-0.07849,-2.24653,-0.12954,-1.26303,0.07283,0.74708,-1.19453,-1.28375,2.34239
-0.91405,0.35088,1.18926,0.12299,0.40898,-0.28005,1.27001,0.35574,-0.04480,-0.13661,0.74916
-2.22823,1.00339,-0.04202,-0.16789,-0.00453,0.59380,-1.53371,0.74880,1.00369,0.23494,2.40730
0.64506,1.92722,0.41096,-0.44937,-0.77137,-1.35657,0.06437,0.73323,-0.59959,-0.93043,-0.44212
-0.24899,-1.04954,0.23099,-0.16923,0.54946,0.02717,-1.98957,1.90646,-1.10084,0.36911,1.00346
-0.12923,-1.19292,-0.30180,0.52123,0.34967,-1.22571,0.96116,-0.40903,0.64503,1.08080,-4.97062
0.45218,0.33481,0.78517,0.23215,1.52946,-1.53785,-0.32306,-0.96715,-0.58581,-0.64833,1.18017
0.36543,-0.08506,0.82880,-0.52855,1.05372,-0.33687,-1.61381,-0.08960,-0.75963,-0.44530,2.62497
-0.89746,-0.73076,-0.66266,0.98886,-1.36354,-0.53198,1.30648,1.12990,-2.35189,-0.40227,-2.58612
0.47914,-1.34342,-0.05379,1.53741,0.67449,-0.64816,1.84225,0.19633,0.97952,0.29367,-4.81515
-0.28820,0.18258,0.80322,0.79099,-0.60298,-0.42553,-1.59235,-0.10646,-0.01027,0.60258,-3.47201
0.77751,-1.02153,0.09886,1.17868,-1.20304,-1.24789,0.45898,-0.03130,0.11446,1.48503,-9.49090
-0.01753,0.99738,0.25663,-0.98425,-0.95664,-0.72797,-0.98607,-1.50555,-1.35289,0.25666,-0.60435
-0.47445,-0.69011,-0.60014,-0.93164,0.04115,-0.48048,-0.73718,1.30785,-0.43472,0.55552,-0.10945
0.13244,-1.18126,-1.58144,0.45022,-0.33457,-0.52110,-0.71406,-2.26757,1.27066,0.09061,-4.61193
1.35795,-0.52343,-0.09582,-0.02251,0.42131,-0.54084,0.11606,1.58846,1.53531,0.07550,-3.03806
-0.15860,-0.70108,0.36573,-2.14762,-0.06827,0.15025,1.54289,1.10675,-1.70799,-0.04759,2.99065
0.51463,1.69718,-0.36242,-0.80931,0.69482,1.09970,0.05539,2.52250,-1.09107,0.36573,5.40043
1.21042,-1.36087,0.85721,-0.63895,-0.67283,-0.41758,0.67595,0.27592,0.37360,-0.12072,-4.01210
0.65269,-0.61903,-1.41453,-0.10849,2.32853,-0.31596,-0.11864,2.88635,1.07324,-0.24577,2.90668
0.21184,-0.29189,-1.68041,1.17774,-0.65664,-1.15125,0.62152,-0.78075,-0.28695,-0.60456,-4.04903
-1.47400,1.61909,-0.33242,0.13547,0.76206,-0.18113,0.41037,-0.50783,0.46125,-2.32493,5.83610
0.82336,0.76437,1.06875,0.52659,-0.52128,0.73180,-0.08649,-0.92785,-0.47553,-1.23875,0.58766
1.18511,0.22191,0.47141,0.83965,-1.31100,0.95040,-3.07868,-0.17287,-1.08951,0.26674,-2.75784
0.49050,-0.07926,-0.77401,-0.85519,0.44830,-0.43239,-0.05909,-0.88444,1.06908,0.62801,-0.91915
-0.09124,0.66255,-0.29910,-0.69970,-2.11341,0.52273,1.12899,0.24061,-0.82311,-0.11218,-1.70048
0.02670,1.59177,-0.75240,0.38654,1.61298,-0.22090,1.24320,1.30051,0.63652,-1.32397,4.68731
-0.68119,1.52247,0.42510,-1.65566,-0.65906,1.39429,-0.61223,1.10642,1.37056,0.32592,2.95712
-0.70139,0.26602,0.24193,0.93696,1.22566,-0.98899,1.63756,1.37487,-0.43374,-1.45325,2.50370
0.97754,0.47137,0.98393,-1.23393,-0.59307,0.29790,-2.21723,0.52160,0.20958,-0.95282,1.38735
0.63601,-0.16545,1.93029,-0.92777,2.05679,0.07934,0.61497,0.75832,0.90699,-0.60654,3.80893
-2.00482,1.13001,-1.13328,-0.40747,0.10110,0.50380,0.93118,0.11950,0.20727,0.85880,2.55041
-1.58833,-1.29650,0.43715,1.52784,0.48939,-1.20577,-1.95678,0.02868,0.64491,-0.14535,-3.11707
-2.53345,-0.56804,-0.94350,-1.31471,0.43847,0.09132,0.99075,0.97632,0.99608,-1.39273,5.16168
1.03842,-0.68436,-0.46844,0.74572,0.39968,-0.79770,0.74242,0.53847,-0.17199,-0.01355,-2.81904
-0.18057,-0.30628,0.47446,-0.43794,-0.84197,-0.04197,1.58601,-2.29564,-0.61870,-0.22221,-1.50220
1.13713,2.24114,-0.02885,0.37426,-3.07366,1.08401,-1.15714,-0.12246,-1.09664,-0.34713,-2.88593
1.05938,0.26378,0.62893,-0.89130,-1.37513,0.14614,0.87782,1.06880,1.17662,-0.14953,-3.22041
1.21873,0.68467,0.30018,0.80092,-0.63172,-1.67643,0.48011,0.75531,-0.95727,0.76616,-5.63419
0.34648,-0.01858,1.02624,-0.20284,-0.50235,0.61388,-1.61036,-1.14533,-0.73544,-0.04144,-0.12211
0.33306,-0.63799,-0.43263,-1.19078,-0.47564,-1.45539,0.37965,3.29411,0.24656,-0.32483,-2.25735
1.04363,-1.42295,0.14198,0.10285,0.60604,0.90932,0.22718,-0.08806,0.22306,-0.09614,-0.22726
-1.04846,-1.02126,0.79436,-0.18123,-1.50306,-2.24626,0.28032,1.07832,-3.25637,2.13753,-6.58643
0.84705,0.44315,-0.85780,-0.22871,0.04411,0.69135,0.88792,-1.10715,-0.91578,-0.51702,1.92980
-0.71803,1.92625,1.43879,-0.30695,-2.29512,0.62107,0.25970,0.90449,0.24118,-0.09869,-1.73738
0.17559,0.05211,0.50174,1.16371,0.08094,-0.53392,0.29822,0.19984,-1.52452,-0.51358,-0.64793
0.10273,-2.21536,-0.11018,0.16166,2.31637,1.08084,0.08863,0.96167,-0.82801,-0.27836,4.51059
-0.84294,1.11697,1.01753,0.99169,1.62866,0.04271,1.05767,0.08704,-0.09583,-0.70980,3.97015
1.63011,0.65898,-0.18986,0.39268,0.14370,-0.28040,0.72241,-0.86896,-1.33244,0.45100,-1.38897
0.42565,-0.01276,0.30476,0.21672,-0.67505,-1.50673,1.06288,-0.10958,-0.58868,0.48839,-4.86979
1.37648,2.01901,-1.04654,-2.02703,1.05818,-0.56509,-1.48147,0.00990,1.23116,0.71908,2.74876
1.01873,-0.58356,0.03263,1.14640,0.16793,-0.94500,0.10685,0.76907,0.49698,-1.18247,-2.92157
-0.40305,-0.87802,0.45061,-1.11939,-0.85747,-1.87728,0.40342,1.56535,-0.00340,-0.79039,-2.66441
-0.36985,0.27256,-1.15341,-1.04526,0.67209,-1.41605,0.73457,0.72470,0.10757,-1.02892,2.17511
0.31338,-1.53455,1.50380,0.54062,0.88916,0.23328,-0.69758,-0.09978,-0.24098,-0.15490,-0.62556
0.83642,0.34251,1.72295,1.21140,1.33364,-0.05741,-0.42479,-2.27514,0.11518,0.08328,-0.71076
1.90278,-0.25972,2.13811,0.36269,-0.25953,-0.23522,1.59266,-0.35857,0.91216,-0.35184,-4.45505
0.64736,-0.44783,-0.56764,-0.02610,-0.02169,-0.76742,-1.16315,-1.36895,0.15301,1.78830,-4.58484
-0.29019,0.07260,1.59678,-0.53575,-1.26081,-0.63564,0.76804,-0.16362,-1.08017,-0.76359,-1.42960
0.29358,-1.27454,-0.62414,0.98868,0.53028,-0.33674,-0.66239,1.32063,0.15272,-1.56612,-0.40621
-0.36049,1.32247,0.00212,-1.92949,0.66714,-0.08176,1.39386,0.37424,-0.00429,0.93455,3.54865
-1.10312,0.28511,0.16474,0.10703,0.84241,0.48930,0.13849,-0.54113,-0.55574,-0.04503,3.19629
-0.71941,0.60103,-1.34431,0.26180,-0.02932,0.67885,-0.35352,0.91002,-0.04169,-1.01797,3.06304
0.12316,-0.38285,-0.50192,0.83925,-0.95396,2.01647,-0.52278,-0.80041,-0.27945,-0.54452,0.21600
0.88290,0.98348,-0.04665,0.44636,0.80701,0.51891,1.11289,0.29378,-1.53577,-1.50129,4.34786
0.48651,0.57101,-1.87737,1.14445,1.48315,0.57113,1.14146,1.45590,-1.47714,1.47687,1.67437
0.64578,-0.85096,-0.43538,0.16258,0.31530,0.18880,-0.43207,-0.43032,-1.15039,-1.09539,1.49422
-0.56335,0.04825,0.63144,-1.61688,0.35121,0.85414,-0.52642,1.41133,1.61938,0.39929,2.42769
-2.28347,-0.42440,-0.06342,0.82295,-0.67726,1.40973,1.93007,-0.46592,0.15235,-2.14694,3.01286
-0.70427,0.41256,-0.30447,-0.02275,2.46861,1.52708,-1.85620,0.43629,0.59055,-0.06506,7.73551
0.02854,-0.36022,-1.17736,-0.41407,-1.36818,-0.14406,0.92289,-0.34737,0.24932,0.12225,-3.35037
-0.19158,0.57223,-0.61769,-0.11014,0.57090,-0.92801,1.03903,0.33170,1.70916,1.59368,-3.01829
0.53483,-0.36463,1.86264,-0.25858,0.17235,0.82367,-0.31385,0.41587,-0.04145,-0.52343,1.09333
0.18497,-0.66649,-1.09127,0.48236,0.35783,-0.54164,0.04535,0.52841,1.04603,-0.48282,-1.59083
0.16771,0.27112,1.64692,-0.16231,-0.63000,-0.71872,-0.26496,0.66765,0.84869,-1.34310,-1.45017
-0.52900,-0.75766,-0.20834,1.17051,-1.70688,1.03384,-0.52965,-1.45311,-0.88092,-1.55548,-1.30219
-1.88522,0.63890,-0.38870,0.03130,0.25492,0.05513,-0.31816,-0.51278,0.26010,-0.20946,2.36436
0.16785,-0.32172,-0.30776,0.87971,-0.49178,0.72585,0.19229,-0.04381,-1.15098,1.29121,-2.40074
-0.34115,-0.88228,-0.96086,0.00912,0.45077,0.76725,-0.64774,-0.10740,-1.05909,1.53172,0.13693
-2.30788,-0.89328,-0.20441,0.08249,-0.23188,0.29274,0.38039,1.54591,-1.56214,-0.13533,2.03195
-0.53605,1.27436,1.96376,-0.78209,0.72792,-0.25041,-0.32122,0.66453,0.50956,-2.73264,6.12112
-0.50586,-0.28814,0.78761,-1.23533,-1.44882,1.51958,-2.10320,-0.41073,0.64415,0.73843,-0.87492
1.99207,-0.32531,0.78301,1.16965,2.56591,-0.30957,-1.66087,-0.38738,2.43350,0.31717,-1.42120
1.57406,0.76189,-0.39289,0.62011,0.31594,0.70900,-0.04471,-0.67614,0.29689,0.25608,-0.59101
0.86318,1.24013,-0.15797,-1.29335,1.08849,-0.70390,-0.06852,0.95229,0.79606,-1.55894,4.35888
-0.80843,2.55319,-0.70483,0.38069,1.13593,0.98966,-1.23161,-0.37282,1.42910,1.05581,3.51440
-0.12486,1.70070,-0.64734,-0.80883,-0.22506,0.51861,0.12888,1.20406,-0.18005,0.22464,2.68639
1.65579,-1.54742,0.02280,0.63456,-0.97495,1.22989,0.99583,1.26885,-1.34996,-0.55138,-2.21694
0.65275,-1.24124,1.30854,-0.58111,1.36538,0.54222,1.21845,-0.26754,0.80731,-0.15592,1.26691
0.31075,0.10823,1.28511,-0.14524,1.70934,-1.21924,-0.26312,-0.18031,0.96823,0.66374,-0.49121
-0.87025,-1.87006,-1.34505,0.37770,-0.42160,1.22007,-1.61017,1.37737,0.50747,0.05102,-0.84766
-0.84919,0.15224,-1.44837,-1.86105,0.23081,-0.18855,0.89086,1.94086,0.35242,1.40863,1.40849
0.92567,0.84409,-1.55064,0.84865,0.32388,0.33639,1.21626,0.35969,0.53669,0.17645,-0.79489
-0.89649,-2.74684,0.14028,-1.69712,0.38155,-0.08517,-1.60864,1.07820,0.28169,-0.58225,1.62869
-1.16292,0.06828,-0.51641,-1.76354,-0.68289,0.48370,0.33140,-0.68583,1.45832,0.91033,-0.15182
1.37888,0.84513,0.53844,2.52084,-0.00664,0.41394,0.01699,0.40804,-0.10533,-1.81187,-1.16473
-0.71574,-0.53754,-1.29220,0.54608,-0.39575,0.45766,0.22813,-1.81431,1.17231,0.43753,-2.56109
0.80615,0.10645,1.48098,0.59831,0.04728,-1.49509,0.42755,1.46048,1.85087,-1.15485,-3.96341
0.46340,-0.40021,1.36282,-0.81479,0.46634,-0.18109,-1.52427,-0.43614,0.91774,0.68534,-1.22438
-0.47632,0.78309,1.62602,-1.66617,2.45186,-1.35411,0.56644,-0.41954,0.47091,-0.47341,5.52590
-0.72828,-0.24212,-1.22075,-1.27519,-0.94403,0.88312,-0.22062,1.82940,-0.81579,0.66189,1.43247
0.40005,0.60664,0.94829,-0.55066,-2.07296,-0.32042,1.04398,-1.28172,-1.12993,0.11849,-3.87181
1.22165,-0.52522,0.72669,0.20951,-1.51404,-0.62347,0.58605,-0.41064,0.74300,-0.28158,-6.56344
-0.56877,0.44960,-1.17506,-0.27496,-0.13410,0.73108,0.49022,1.28603,-1.75954,-0.39874,3.90805
0.00710,-0.64387,0.05030,0.34334,-2.01395,1.20699,-1.55184,1.08741,-1.56806,0.71970,-3.29408
0.00139,1.63651,0.32775,1.17771,1.44229,-0.77054,-0.22824,-0.51706,-2.49869,-0.43470,3.59762
-0.60377,0.92362,-0.21957,-1.16910,0.28448,0.17904,-1.48979,-0.85743,0.26367,2.05885,0.39794
-1.89762,-1.18142,1.57699,-2.08184,0.48552,1.01338,0.15245,1.23859,-0.63457,0.75466,4.35588
0.24092,1.42155,0.67418,0.26456,0.36322,-0.51847,-0.04463,-1.56259,0.09701,-0.12304,0.06699
1.20636,2.43167,0.49396,-1.79963,0.27997,0.06645,0.22619,-0.16285,-1.14184,-0.43263,4.89754
-0.97313,-0.35560,-0.01904,-0.86043,-1.80457,-0.56516,2.46447,-0.66642,1.29173,-1.06724,-3.15433
0.19116,-1.17326,1.84145,-0.06946,0.23870,-0.71737,1.40701,0.71722,1.58244,0.29263,-3.90631
0.33150,-0.13719,0.88431,-0.93000,-1.26941,-0.44628,0.33911,1.22750,0.32054,-0.22991,-2.58174
0.25506,0.56566,1.20336,-0.03169,-0.28589,-0.00186,1.34631,-0.47020,-0.92999,0.28904,-0.71632
-1.69094,-0.64943,1.76861,1.40833,0.33117,1.48418,-0.26016,-0.20850,-0.24605,-0.99048,2.37377
0.49338,0.64439,0.40678,-0.95964,-2.04459,-0.13208,0.34005,0.07023,0.39783,1.03006,-5.04257
0.53926,-1.26106,0.67658,0.83873,0.67210,0.03259,1.86597,-0.16253,0.30042,-1.39229,-0.45592
1.34672,-1.34862,0.44416,0.12944,0.02592,0.68463,1.15925,0.41438,0.39330,-0.55275,-1.74924
0.19659,0.61324,0.00990,0.82665,0.01354,0.24334,0.00272,-0.24750,-0.04640,-0.45868,-0.04962
-1.72868,-0.50808,-0.17974,0.44871,0.34686,-0.26399,-0.79757,-0.52730,-0.36500,0.76701,-0.42817
-0.17039,-0.08058,-0.19064,1.77912,-0.75721,1.43223,1.56227,0.87052,1.02644,-0.82927,-1.91075
1.74493,0.73179,-0.01118,-0.77642,-2.09212,1.34554,-0.36370,-1.27634,0.48231,-0.03326,-2.74098
0.78335,0.79698,0.33910,-0.58420,0.11910,-2.56742,-0.83786,0.96329,0.46830,1.00848,-4.55462
-0.38741,-1.27857,-0.03180,0.51205,0.39918,-1.85798,-0.62811,0.19944,-0.44038,0.29460,-3.58555
0.18246,-2.28222,-0.15864,0.49572,0.01777,-0.22775,0.30326,-1.63468,-1.15360,0.64678,-3.53718
1.57659,-0.63151,-1.18293,0.04709,0.97816,1.08583,-1.30803,0.38189,-1.58405,-0.22473,2.98696
-0.88251,-0.15853,0.06173,1.35602,-1.63084,2.23199,-1.07567,-0.23230,-1.72720,2.01698,-2.67069
0.05546,0.14342,-0.04007,-0.33779,1.60592,-1.38934,-0.34181,-0.74974,-0.65160,-0.03947,1.95235
-1.08128,-0.55892,-0.18265,0.93360,-1.39167,0.92567,0.47377,-1.68028,-1.41153,-1.11007,-0.43833
-2.07708,0.27626,-1.54980,0.48936,-0.74395,-2.02919,-0.49764,-0.46977,0.71039,-0.37089,-3.06740
-0.14152,-1.05880,1.02993,0.54418,-0.60229,-2.23514,0.47839,0.83310,1.09098,-0.30132,-6.88904
-1.33886,-0.78981,0.09632,0.21819,0.50830,0.22958,-0.37447,0.73278,1.35024,-0.34740,0.39216
0.44173,0.00587,0.29455,0.64479,-1.77458,-0.26889,-0.54482,-0.39325,-0.29616,-0.72073,-4.29209
-0.02719,-2.20778,-0.52668,0.87905,0.37893,0.76176,1.15620,-1.08864,0.87321,-0.96695,-1.31071
0.86639,-0.78783,0.25565,0.41002,-0.39398,0.27975,-0.60359,-0.44494,1.71641,-1.40823,-2.34917
-1.02559,0.27934,-1.33619,0.68368,0.47811,0.67875,0.42385,1.01903,2.66272,0.27956,-0.44854
-0.75932,-0.22586,0.74575,-0.09525,-1.25999,-0.22124,1.87930,-1.82912,-0.66204,-0.91931,-1.43599
0.32849,0.61679,0.67467,1.68050,-1.31307,-0.17206,0.49345,-0.73880,-0.66189,0.35135,-5.28811
-1.41721,-0.78979,-0.20722,-0.48657,-1.51068,0.92580,1.24158,-0.97981,0.27121,2.33081,-4.36475
0.34391,0.30104,0.90328,0.23336,0.53337,-1.46923,1.46746,1.10452,3.11055,0.17836,-4.66766
0.08549,0.28756,-0.84297,-0.67891,0.80704,0.54693,1.82182,0.36055,2.41348,-0.75054,2.12673
0.16366,0.51593,0.67548,1.03582,-0.31709,-1.11918,-0.21834,1.64545,0.42830,-1.51889,-1.82778
0.44163,0.30118,-1.64030,0.68664,-0.66282,-0.21177,0.09246,1.96228,1.13077,0.59195,-4.13334
-0.95782,0.36058,1.04484,0.82552,-2.18513,-0.46825,-0.01060,-0.67295,-1.25224,-1.90636,-2.23819
-0.03595,0.49117,1.81476,-0.73843,0.48611,0.99139,1.92837,0.18489,-0.30363,0.65161,2.06573
0.27050,0.10846,-1.61606,1.80492,-1.66165,-0.06899,-1.02081,0.78425,0.97592,0.31992,-6.80375
-0.31234,-0.38604,0.98223,2.05478,-0.61715,-0.23252,-1.63589,-2.55523,-0.10411,-1.90575,-2.49502
2.08656,2.14570,-0.10902,-0.27887,-0.10679,-0.68960,-1.30047,1.66814,1.10510,0.46560,-2.01506
-0.68602,1.10226,-2.05045,-2.05751,-0.56242,-1.84895,0.34832,-0.28683,0.60936,1.27098,-1.56226
-1.32203,0.61324,0.07888,-0.91885,-1.54670,2.33152,0.36230,-1.99834,0.17400,0.52059,1.57434
0.82832,-0.29572,0.41935,-0.33750,-0.78347,-0.46020,0.72464,-0.55797,0.09291,0.89228,-4.65984
-0.69023,1.66400,-2.13629,0.18569,2.00573,-0.82274,-0.05120,-0.46474,1.85431,0.01238,3.05327
-0.69981,-0.28191,0.82514,-0.22716,1.31745,1.48828,-0.38138,0.15236,-0.49501,-1.82090,7.55464
-1.11340,-0.92409,-1.72959,-0.62217,0.34301,-3.21399,0.03068,1.09459,-0.18411,-1.12172,-1.20478
-1.64431,-1.01634,-0.60798,-2.02778,0.61640,0.54374,-0.89059,1.24103,-0.56749,2.35386,2.56890
0.75613,0.53693,0.43093,-1.41421,0.10939,-0.64012,-0.49350,-0.48799,0.53715,-1.54091,2.11420
-1.32971,0.53009,-0.86814,-1.65363,-1.69314,0.89710,-0.21469,0.36286,-0.66208,0.35183,1.57911
1.63190,-1.35087,-1.19727,-0.29377,0.72749,0.24112,-0.55560,-0.00735,-0.97785,-0.01862,0.63886
0.25318,1.81114,-0.46435,-0.17991,-0.59568,1.58673,0.17915,0.52560,1.09136,0.35520,1.13726
-0.20957,0.86543,0.03199,-1.01126,-0.47374,0.63881,0.91519,1.62823,-0.12700,0.74970,1.03490
1.24939,-0.84967,-0.89903,1.37852,0.14635,-0.39497,0.33290,0.06820,0.09213,-0.38634,-3.69162
-1.05309,0.67261,0.39449,0.01665,-1.92702,-1.67840,0.53405,0.65401,0.10802,-1.14137,-3.90907
-0.88285,1.42456,-0.03312,-1.83717,0.06439,-0.43624,-0.38859,0.16392,-0.53610,2.18112,1.31859
-1.16652,1.20999,-1.25456,1.33090,0.62993,0.57024,-0.62793,0.31116,-0.15691,-0.93098,3.60627
0.42719,0.04752,1.02700,-1.07972,0.76229,-1.24441,1.99600,-0.21424,-0.46333,-0.66275,1.17192
-0.29584,1.41782,-0.66422,1.46777,-2.08871,-1.83972,0.83863,0.71953,0.73663,0.15549,-7.98972
-1.01790,1.31697,-0.72855,0.50194,-1.57564,1.18362,-0.16602,0.55269,-1.28422,0.05513,0.72158
1.21564,1.46977,1.02227,0.42467,-0.06699,0.51018,-1.39311,0.00249,0.60658,0.83596,-1.60559
-0.23100,-1.16697,-0.49801,0.15947,1.01480,0.63269,-1.14844,-0.14794,-0.35652,1.97359,-0.46649
0.01210,0.04143,0.15615,-0.67375,-0.89816,1.61537,1.58986,-0.10072,-2.30052,-0.15352,2.71234
-0.01155,-2.17503,-0.14247,1.05368,-0.55969,0.69139,1.15253,-0.70778,-0.66115,-0.03851,-3.34827
1.77524,0.79485,-0.30380,-1.53474,0.00823,0.83885,0.64242,0.54225,1.35499,0.14986,0.77233
-0.68532,0.47274,-0.04961,1.06868,-1.14893,1.69603,0.17633,1.55526,0.00550,0.67476,-1.35299
1.11409,0.43984,-0.03329,0.21350,0.10097,-1.18277,-1.59422,-0.12572,-0.64684,1.04720,-3.16515
1.42089,-0.69204,0.00017,-0.64483,1.32733,0.21622,0.06102,0.04654,0.39144,-0.44909,1.75514
0.08499,-2.24168,0.21306,-0.64632,-0.28222,-0.39282,0.63514,-1.48402,0.57992,0.04503,-3.65739
1.17735,-0.83411,1.11118,0.33691,1.74762,-0.67560,-0.00812,-1.14196,-2.30796,0.04063,1.41383
0.35725,-0.37073,1.99725,-2.01657,0.71751,1.45786,-1.28899,-0.82093,1.48044,-0.88350,4.73511
0.05079,-1.26362,0.26274,-0.36190,1.26158,1.12133,0.70098,1.38189,-0.10931,1.75056,0.95130
-0.55737,0.74935,-0.84155,1.31741,0.48537,-0.34582,-0.08332,-1.15963,-1.46067,-0.41721,1.23987
-0.91285,0.19616,-0.39274,1.01714,-0.94089,-0.61235,-0.32940,2.78361,-1.06198,1.08103,-3.54442
-0.97258,-0.28624,-1.79716,0.75655,1.50616,0.35598,-1.10729,-0.76158,0.18284,1.52100,1.17219
-0.85934,0.19939,1.24738,0.32748,-0.42078,1.43968,0.63810,-1.14675,0.85064,1.35088,-1.51459
1.05779,-0.91857,-0.62459,0.07928,-1.32149,-0.29934,-0.96552,-1.23451,-1.96140,-0.40558,-3.04589
0.18269,-0.58696,0.14868,-1.38218,2.10869,-2.36701,1.27655,-0.01299,-0.22311,0.52737,0.69188
0.28181,-1.79440,-1.04109,-2.50184,0.09436,0.50917,-0.47392,-0.19393,-0.47574,1.29564,0.73045
-0.32091,0.49223,0.00971,0.06902,0.24118,0.29062,-0.75919,-0.71230,0.48190,-0.00164,0.78349
0.63021,-0.82113,-1.50858,-0.40050,0.77285,0.08864,-1.15251,-0.07424,0.80119,-0.56495,1.00244
-1.05844,-0.70271,0.76767,0.40585,0.78380,-1.24340,2.50119,1.76584,0.88286,-1.18958,-0.26748
0.35822,0.16612,1.15972,-0.68898,-1.42189,-0.40298,1.58781,0.72061,-1.44981,-2.52244,0.83815
0.55538,-0.67860,1.03045,-1.03268,0.76343,-0.47349,-0.35476,0.78622,-0.14334,0.68596,-0.04417
-0.20944,1.16851,2.47662,0.47984,-0.45193,0.33723,-0.84927,0.17272,1.45706,0.49865,-2.47079
0.53747,-0.74204,0.25204,-2.26469,0.03772,0.90647,-1.27602,0.19919,0.06491,1.80240,0.56002
-0.50918,-0.55765,-0.41890,-0.44651,-1.07250,0.90657,0.09544,-0.07191,-0.54108,-0.20032,0.01638
0.86687,-0.61926,0.46559,-0.14552,-0.77998,-0.54337,-2.43797,-1.01249,0.84827,0.07489,-4.44891
0.75802,0.55072,1.50907,1.96455,-1.67691,0.08830,0.30547,1.18592,-0.52809,-0.49749,-5.61512
-0.31034,-0.69321,1.72959,-0.90460,0.26556,-0.91410,-0.79993,0.17984,-2.43456,0.12139,1.02662
0.85852,0.73916,1.75160,-0.14639,-0.05305,-0.40600,1.45377,-1.84251,-0.14146,0.13949,-1.75034
1.14483,-0.43995,-0.21145,-0.67227,0.72465,1.30059,0.37767,0.56831,-0.47860,-0.91243,3.99681
-0.11950,1.25898,1.49436,-0.73031,0.15350,-1.09855,-0.70408,-0.33483,-2.19487,-0.24951,2.13815
2.33357,-0.75251,-0.51587,-0.16478,0.67229,-0.61352,-0.10782,-1.55001,-0.11187,-1.21677,-0.63796
1.41230,-0.06672,0.85322,0.28733,-0.65227,-1.12457,-1.48714,0.28811,-1.79470,-0.04793,-3.36526
-1.01689,0.28725,0.94088,0.36501,1.75051,0.18683,-0.11483,-0.68121,0.83443,-1.58460,4.70704
-0.84464,0.46907,1.27232,1.66728,-0.23026,0.69862,-1.38852,0.88532,-0.17491,-0.99608,0.52718
1.65384,1.28154,2.04289,0.54357,-0.31201,-0.49560,2.58854,1.38154,1.35076,-0.53987,-3.60862
0.51058,-0.00905,-0.87901,-0.96343,1.35932,-1.27351,-0.81262,0.68779,1.07667,0.61560,0.08376
-1.50221,-0.68660,-0.37484,-1.37040,0.69229,1.14837,0.95927,1.31023,-1.67139,-0.19576,6.46575
1.13592,-0.73646,-0.90246,0.07239,1.14987,0.03699,-1.02903,0.17516,0.61281,-0.85726,1.15247
-0.79909,-1.51234,-0.90583,-0.88167,-0.07891,0.54058,1.59188,0.23181,0.66317,-1.00476,1.25040
1.05940,0.12359,1.49327,-0.09715,-0.20912,0.70276,-0.25173,0.03996,0.65597,-0.67382,-0.37073
-0.17649,0.19351,-0.90380,-0.15957,0.22761,1.10296,-1.72787,-0.45177,2.08389,-1.55361,2.68465
1.53449,0.46238,0.12018,1.21551,-0.03699,0.24015,-0.42718,-0.94158,-0.18047,0.44043,-3.00172
-1.02164,0.97610,-0.21077,1.59808,-1.25482,-0.35299,0.08343,-0.87230,0.16598,-0.45852,-3.30473
-0.83454,-0.13854,-0.04995,0.41074,0.52496,-0.86759,-2.22112,-0.19294,0.81576,-1.45683,0.80398
-0.93364,1.27782,-1.32359,-1.99588,-0.88882,0.86936,0.05989,0.53703,-1.03933,-1.44968,6.44395
-0.92813,-2.29165,1.55220,-0.49578,1.30552,-1.71552,0.45257,-0.49422,0.61126,-0.36633,-1.44612
0.83722,-0.74720,3.19579,0.92203,0.29079,0.39586,-0.31691,-1.67580,-0.56608,-0.51562,-1.68697
-1.26265,0.08893,-0.04467,0.13270,1.87138,-0.19394,1.40207,-0.00617,0.38991,0.23618,3.25692
0.02222,1.01714,-2.70052,0.60189,0.97670,-2.30741,0.15280,0.57741,1.33547,0.43924,-2.50958
0.82430,-0.09300,-0.38072,-0.66389,-0.23692,1.88418,-1.04389,-0.15752,-0.69830,0.36028,2.27917
0.81625,-1.35922,2.33833,-2.48074,-0.12738,0.34620,-1.47790,0.01179,-1.70900,0.83576,1.05020
-1.19493,-0.78196,-0.45848,-0.38285,-2.54842,-0.71296,-1.11272,1.32461,0.28925,1.28339,-7.10935
-0.69569,-0.00977,-0.62492,2.52410,0.90894,-1.79922,-0.14749,1.01365,1.65701,0.89969,-5.87647
0.53540,0.96606,1.02961,1.35390,-1.40364,0.50481,-1.35955,-0.15930,-1.65946,-0.66987,-1.59587
0.03968,-0.58017,-0.60272,0.38406,0.05582,0.98707,0.66838,-0.35132,1.55554,-1.48983,0.71379
-1.06650,-0.03780,-0.72592,-0.26129,0.20354,-0.98189,1.41727,-0.36008,0.37114,0.49450,-1.19243
-0.29556,-0.24538,2.42103,0.38832,-0.43978,0.78938,0.37622,0.03946,-1.08110,-1.24107,1.23080
0.69294,-0.23748,-1.84969,-2.14584,0.78939,-0.15797,-0.81557,-1.22951,-1.76023,-0.61046,5.33545
-0.07985,0.24017,-0.15665,1.66312,-0.86170,1.29840,-0.37934,-0.09805,-1.11139,0.23255,-1.13050
0.84027,0.62661,-0.73356,-3.58109,0.10411,2.65226,-0.29553,0.85229,0.41830,0.37304,7.55373
-1.34713,-0.98101,1.85152,0.07912,0.48938,0.49397,-1.18847,0.19193,-0.07894,0.28353,1.08238
-0.44431,-0.35506,-0.33578,-0.09640,0.33782,-1.73441,0.51606,-1.95180,0.46347,0.87499,-3.73958
0.66278,0.63055,-0.02150,1.07397,-0.40512,1.12651,0.12972,-0.36179,-0.76281,0.59178,-1.19433
-0.06005,2.18346,0.44521,-0.81165,-0.69385,-0.45607,1.58866,-0.76907,0.24900,2.16597,-2.65140
0.65796,-0.33424,1.05907,0.87103,1.86359,-1.13542,-1.32083,0.90101,1.75168,-0.98909,-0.35576
-1.78613,1.67840,1.18003,0.67978,-2.35584,0.82469,-0.71905,-0.01586,0.78133,0.26158,-2.94495
0.32246,0.91225,-0.21996,-1.26846,1.41241,-1.60516,-0.48919,-0.58515,-0.73101,0.32983,2.38240
-0.51027,-0.45856,0.77021,0.99175,-0.24863,0.21102,0.52102,-0.02644,0.51694,2.07770,-5.00350
-0.85078,0.34352,-1.74264,0.31752,-0.15334,0.60254,-0.09928,-0.33249,0.31681,-1.78743,2.96559
-0.51271,-0.93929,-0.14739,0.73356,-0.33156,1.13269,0.84820,0.06597,-0.44986,-0.14037,-0.37491
0.98899,-1.17800,-1.59124,0.24552,0.84645,0.07105,0.17324,0.37193,-0.49527,0.98658,-1.27597
0.45391,0.55783,0.50220,-0.39125,1.49945,-0.18999,-0.62141,0.16521,2.26437,-0.41833,1.70139
0.13017,0.62364,0.19310,0.70819,0.17430,-0.15764,0.94392,0.19843,-1.05689,-0.52511,0.70171
0.92148,0.16597,-0.50270,1.61799,0.09896,0.64528,1.26321,0.02989,-0.72832,0.05313,-1.49393
0.53944,-1.41801,0.45741,-0.07702,0.43418,0.85081,-0.77842,0.60284,1.95842,0.62589,-2.13687
-0.92708,0.15196,0.20435,-0.43371,0.97277,0.73694,1.25387,0.17608,-0.26923,-0.29293,4.43115
0.78658,-0.83234,-0.52535,-1.33835,1.23749,0.14773,0.71907,-0.67771,-1.17353,0.07515,3.24584
0.70871,-0.52869,-0.70516,1.08188,-0.71123,2.19450,-1.86796,-0.44394,-0.19438,0.29177,-1.00655
-0.07212,-0.37085,1.40790,-0.76524,1.78069,2.31062,-1.36986,-1.04073,-0.62819,0.28177,6.86019
1.51513,-0.38002,-0.39796,1.04322,1.12153,2.78239,0.99093,0.46730,1.31188,-0.55148,2.59757
-0.41988,2.23048,-0.52656,-0.16923,0.25714,0.08369,-0.67355,-0.29384,1.24306,1.20645,0.37467
0.55391,-1.44027,-0.84542,0.43883,-0.79900,1.20687,-0.96261,-1.07077,1.59206,-0.01482,-3.66772
-1.06097,-0.44034,-0.37927,-0.40237,-0.12500,-1.88350,1.11604,-0.87376,-0.05645,-0.45883,-1.82441
0.65719,1.04683,0.56280,0.52144,-1.10598,-0.16709,0.69030,-0.15931,-1.16846,1.25281,-3.97404
0.59295,-0.16547,0.10794,0.02657,1.11482,0.61463,0.04720,0.63218,-0.52511,-0.31076,2.99701
-0.45679,-0.80790,-0.25614,1.12490,-1.74821,0.93955,0.98729,0.36701,0.51419,-0.53018,-4.12882
0.14473,-0.88442,-2.12464,-0.42450,1.03492,0.27048,0.40958,0.34439,-1.37719,1.34492,1.45315
-0.92841,-0.92244,0.22584,1.65766,0.35619,-0.42251,0.29713,0.38555,0.36936,-1.77370,-0.52145
-0.13974,-0.15750,-0.70586,-0.20185,0.77876,1.01969,-0.10991,2.35001,-1.52695,0.70075,3.49145
1.69602,-0.25575,1.28893,-0.21385,-0.20457,-1.34351,0.08167,-1.76557,1.83815,-0.60631,-5.20115
0.59185,-0.79650,0.28808,-0.27710,1.28501,-0.11805,-0.85479,-0.17960,2.23700,-0.87920,0.56460
0.38353,-0.00712,-2.68997,0.36612,0.95076,1.05874,-1.18306,0.82886,-0.31020,-0.58931,4.02160
0.86343,-0.74220,-1.18326,-0.55317,-1.69874,0.24269,2.87889,2.48293,0.14499,-2.74361,-0.44875
-1.08727,-1.15162,-1.34776,-2.01253,2.35278,-2.00642,-0.44909,-1.75892,1.66765,1.06477,1.38143
0.50786,-1.41119,-1.59302,-0.71281,-2.86008,-0.62319,-1.12553,-0.66666,-1.05521,0.48097,-7.06915
0.64233,0.98843,1.12117,1.82804,-0.61781,1.93254,0.55845,0.57063,0.99436,-1.29686,-0.17135
2.12116,1.47500,0.26409,-0.52693,0.28978,0.64732,0.96059,-0.17596,-0.00666,0.55029,0.59574
-0.76248,-0.45711,1.03299,2.59902,-0.16332,0.72610,0.71792,0.48947,1.99118,-1.04446,-3.19593
-0.10709,0.93009,1.04667,-0.38941,-0.06406,-0.69570,-0.95380,-0.35526,0.54456,1.25881,-2.23620
0.04051,-0.08860,0.85371,-1.65968,-0.22385,0.36585,-1.55286,-1.96924,0.12968,1.81496,-0.88970
1.41410,1.01740,1.19075,0.59216,0.92726,0.07364,-0.46873,-0.51908,-0.75818,-0.54539,1.51587
0.26988,-0.16710,-0.11044,-0.08263,-1.27071,-0.61811,-0.55975,-0.43664,-0.49126,0.14498,-3.70151
0.41091,1.70761,1.36404,-0.52488,-0.46003,-2.46475,-0.29540,-0.00199,-0.59255,0.37586,-3.07905
-1.46752,1.09792,0.18821,0.02017,-1.26930,1.42284,1.01207,1.25971,0.66706,0.15698,0.58990
-0.60107,1.82205,1.03754,1.11473,1.63433,-0.58594,0.28973,-1.61215,-1.84544,1.86446,1.27299
1.86121,-0.13927,0.74489,0.40496,-1.38363,-0.18249,1.43050,0.76381,-0.77926,-0.55650,-4.27958
0.65741,-0.26903,-1.18858,-0.26509,0.50706,0.77107,-0.75834,-1.13270,1.27547,0.52784,-0.23502
0.66044,0.06382,0.26375,0.62184,-0.14162,2.46511,-0.15004,-0.43940,-0.26789,-0.02225,1.64814
1.62010,-0.81902,-0.28409,0.28656,0.21552,-0.09486,-2.06542,-0.95599,1.07283,0.71704,-3.90391
-0.40491,-0.70250,-0.33517,1.78220,-0.52993,-0.20332,-2.14210,-3.02253,0.78355,-0.94622,-3.55095
1.29885,-0.24547,0.43629,-0.24860,-0.34430,-0.65893,-1.88406,1.15584,0.62366,-0.04975,-3.16638
-0.80345,0.45623,0.42401,-1.84758,-1.17217,-0.81442,0.69562,0.70276,0.18830,-0.57828,-0.08463
-0.68206,-1.77666,-0.63410,0.52119,-0.92338,0.07522,-1.07481,1.54071,1.47708,-0.06201,-4.36558
1.01688,0.31960,-1.21514,0.73402,0.40324,-0.37976,-0.87432,1.02441,-1.41240,-0.46848,0.47042
-1.97703,0.35475,0.79000,-1.15787,1.43999,-0.14126,-1.17568,1.42403,0.15392,0.99538,4.55174
-0.46017,1.77668,0.25658,-0.62349,-1.58449,0.35090,1.41489,0.63278,0.51059,-0.35967,-0.28131
2.25240,-0.71521,-0.81391,0.64186,1.39912,-1.25713,0.60599,-0.74050,0.22739,-0.84483,-1.72440
-0.80033,-0.67034,1.87609,1.31504,-0.52689,-0.43633,-1.46922,0.42397,1.66967,-0.27914,-4.63872
1.05334,-2.00227,-0.07973,-0.59669,-1.43951,0.23664,-0.75910,-0.40125,0.01654,0.24782,-4.88078
0.73285,-1.06108,1.17522,-0.26008,-0.66382,-1.20131,-1.06206,1.24546,-0.30365,0.72585,-5.13670
-1.21372,0.43015,-0.30969,0.70306,-0.77269,0.24590,1.95778,0.65500,1.28203,0.78175,-3.31392
-0.94064,0.18475,-0.00794,-1.96918,-0.15500,-0.16553,0.82653,1.94784,-0.51605,0.10699,2.76824
-0.06455,0.99836,-0.76633,-0.95744,-2.22924,1.38340,0.59392,1.39840,0.08889,-0.60377,0.18482
-0.80036,-1.86804,-0.74384,0.61000,-0.27424,-2.01787,0.88040,0.17686,-1.60515,1.07667,-5.66746
-1.07464,-1.39837,1.43430,0.74732,0.84694,0.28273,1.14988,1.35562,0.18012,0.50787,-0.70987
0.88249,-1.25788,0.18021,1.51173,-2.23549,0.24974,-0.25368,0.00385,-0.16822,-0.12583,-7.91983
0.46183,-0.68229,-0.91202,0.44655,-1.54719,-0.37026,1.13187,1.62033,1.13337,-1.30895,-4.53814
0.95901,0.37535,-0.59889,-1.07783,0.49651,-1.95668,-1.19664,1.52598,0.26501,-0.05156,-0.85902
-0.51981,-0.88434,2.38757,-2.78953,-0.70552,-1.91032,-1.78827,0.07919,0.02939,-0.88783,-0.45166
-0.88384,1.75930,-0.09747,-0.17489,-2.06076,1.10175,-0.49624,0.25249,1.08952,1.43230,-3.08121
-0.18697,-2.10314,-0.44710,-2.06541,1.92500,-1.16160,1.71360,0.99413,-0.76745,1.00085,1.89822
1.02159,-0.20909,1.88529,2.07103,0.76825,-0.34828,0.89962,1.49754,-0.25435,-0.29853,-2.62678
-0.79121,-0.36143,0.26132,0.94834,0.60614,-0.58258,-0.78846,0.15094,0.12977,-0.11257,-0.73088
0.74097,0.38045,0.30080,-0.73956,0.63361,-0.40393,-1.15725,-0.22674,-0.03848,-0.41254,1.49855
-0.18792,0.67738,-3.19284,-0.05236,0.24846,-0.04625,-0.29494,1.01193,-0.24792,-0.25029,2.17575
-1.18554,0.58971,1.60233,1.29763,1.89894,-0.82851,-1.22352,0.11703,-0.16243,-0.09815,2.11291
0.17858,-0.46305,0.15264,-0.74370,0.24861,0.33378,-0.10726,-0.97284,0.10989,-0.51917,1.31079
0.28907,0.94260,-0.41587,-0.26081,0.51310,-0.59005,-1.17705,0.96964,-1.31266,-0.61262,2.85943
-0.63917,0.02259,-1.38391,0.67263,-0.13317,-0.77453,0.47691,1.05279,1.29589,-0.88303,-1.69107
-1.25581,1.24096,0.69583,-0.07886,1.25829,-0.47178,1.28942,1.54555,0.29538,-0.69327,4.22190
0.70908,-0.09923,0.14042,0.39392,-0.15750,-0.07283,0.07070,-0.82522,-0.87219,0.40846,-1.99381
1.04217,-0.93163,0.01397,-0.19059,1.18697,0.27548,-0.21589,-0.82703,0.05337,-0.86869,1.82709
-0.08166,-0.87252,2.80886,0.24056,-0.06688,0.43203,0.24323,0.27304,0.42595,1.30603,-3.62394
0.66111,1.19914,0.50498,-1.41625,-0.98048,-1.25773,0.80156,1.32792,-0.44865,0.44559,-2.14681
1.21382,-0.69775,2.02756,-1.25573,0.13451,-0.31816,-0.15507,1.71227,-1.83400,-0.91466,1.62355
-1.36987,-0.65128,-1.12310,-0.37761,0.31803,-0.60251,-0.44339,-1.20002,-0.13120,2.10322,-1.76965
-0.44879,-0.48954,0.94337,2.09775,-0.67682,-0.33679,-0.82533,-0.19706,-0.71589,0.94936,-5.67358
0.93360,0.08029,3.25000,-1.69419,0.44672,-0.19275,1.39993,0.57608,0.38604,0.58736,-0.05360
-0.63040,-1.28629,-0.99223,0.20002,1.35879,0.70419,0.86322,-1.90844,-1.24039,0.53736,2.62927
-0.55358,0.52866,0.65149,0.31516,0.50079,0.04934,1.58440,2.58292,1.70816,-0.96988,0.94251
-0.96208,-1.16416,-0.90869,-0.19507,-0.45856,-0.26744,0.77994,-0.81884,0.26216,-1.70056,0.22991
-0.52432,-0.07860,-1.48734,0.97902,0.62014,0.81910,-0.12282,-1.34521,0.61181,-0.68390,1.58833
-1.91166,0.53875,-0.85219,0.83334,1.00963,-0.42974,-1.20120,-0.57167,-0.06009,-0.50546,2.79697
0.07835,-0.27876,0.32919,-0.26089,0.20640,0.09296,0.24926,-2.01001,-1.69445,0.13760,1.05769
-1.49604,1.23160,0.29606,-1.13455,0.13587,0.27696,-0.18110,1.76971,0.88830,0.44268,3.06601
-0.20510,-0.57754,0.15530,0.63765,0.29799,0.29933,-0.95908,0.81129,-0.32640,-0.97152,1.27811
-1.33917,0.59106,0.61059,-0.44661,-0.84075,0.04783,1.55932,-0.54955,-0.99979,-0.30371,0.94648
-0.26862,-0.36379,0.32248,-0.41195,0.47736,-0.60814,0.23816,0.55995,1.05622,0.98270,-1.89315
-0.17709,-1.63522,-0.54521,0.66292,0.03073,0.04810,-0.79302,0.60878,0.85742,-1.36305,-0.98048
-0.87591,-1.53800,-1.05256,-0.55043,-1.08975,-1.87713,0.49788,-1.69756,1.96261,-2.10445,-4.08052
0.46180,0.14255,0.57090,-1.23442,-0.05519,-0.72892,0.51462,-0.75671,0.49917,-0.08187,-0.81853
0.06642,-0.20743,1.02762,0.45160,-0.18351,-0.30382,0.75056,-0.24572,0.42062,-1.22163,-1.09768
0.73131,-0.08850,2.45975,-0.53347,0.62029,-0.13126,-0.05055,0.55729,-2.25003,-0.69256,2.74372
1.27322,0.89168,-0.70422,-1.17454,-0.55428,-1.86633,1.82499,-0.61768,-0.37856,-1.63055,-0.55316
0.47244,0.55492,-1.26493,-0.63103,-1.24950,-0.50627,0.91939,0.78299,-0.69167,-1.29387,-0.14107
-0.85261,-2.08194,1.59082,0.24185,1.15921,0.82625,-1.16496,-0.10717,0.59849,-0.19412,1.00076
1.36038,-0.53441,-0.40004,0.54209,0.51562,-0.94005,1.57652,-0.54721,0.41931,0.44609,-3.89948
-1.58188,1.25596,0.64907,-0.01623,-1.37088,-0.65988,-1.97778,0.36417,0.73293,0.85454,-3.09281
-1.02956,1.26271,-1.40437,0.43808,-3.43341,-0.04909,0.21658,-0.61826,0.13898,1.64551,-7.93907
0.89784,-0.16683,1.56811,-1.14625,1.06525,0.20642,-0.51871,-1.45210,-0.18569,1.01603,0.90610
-1.38417,-1.32678,0.21760,0.59203,1.02497,-0.23589,0.45198,-0.21906,1.48920,1.25122,-2.34029
0.22499,0.49622,-0.49213,-1.52390,-1.50928,-1.26376,-0.36162,-0.40709,1.42658,1.89829,-6.51959
1.63116,1.10276,0.04870,-1.51798,0.45116,-1.19833,-0.50754,-0.93691,-1.36070,1.49693,-0.54970
0.94384,-0.31141,0.54997,-0.81570,0.26161,-0.78476,-0.43529,0.44701,1.63079,-1.03519,-0.98585
-0.70062,0.01963,-0.45182,0.14202,-1.24503,0.55699,0.64424,0.66994,0.31674,0.90225,-2.96019
0.01815,-1.05426,-0.41551,0.27839,0.25812,0.20924,-0.15324,0.32990,-0.30087,0.24945,-0.83210
0.74173,-1.41103,0.30824,-0.60610,1.70804,0.79023,-0.65831,-0.35721,-1.80306,-0.05701,4.57772
-1.15406,-0.45076,0.75381,-1.70552,-1.80911,-0.16108,-0.90278,-3.00873,-1.01646,0.26923,-1.48200
-0.54448,-1.24665,0.21112,1.22374,-0.95137,-1.07413,-0.27699,0.43186,-0.53449,1.51850,-7.29160
0.58761,0.96012,-1.98908,-1.31347,-0.17538,-1.17899,-1.35165,-0.08922,2.00893,1.67149,-3.39520
1.26236,-0.01450,1.33915,-0.05853,-0.88767,0.20224,-0.97654,0.86829,-0.35916,-1.72493,-0.48473
-0.32729,-1.52080,-0.56888,0.39409,0.90837,0.85643,0.54774,-0.29755,-1.47330,-0.41233,2.74118
-0.49852,-0.84425,0.09388,-2.78245,1.62709,-1.31174,-1.28178,0.88230,-1.04209,0.45158,4.69714
-0.60381,0.47373,-0.04234,-0.27384,-0.86407,1.54779,-0.53986,0.29929,0.14129,-1.32758,2.94275
0.97107,1.86470,-0.81546,-0.01249,0.60724,0.62521,-0.08748,-1.09351,0.74645,-0.48727,2.81960
0.69106,-0.93083,0.37933,-1.33717,0.77794,1.73813,1.11458,-1.39270,-0.18250,0.51341,3.01287
0.76104,-0.30341,0.17765,0.56386,-0.78492,1.26438,1.21526,0.20325,-0.30199,-1.68523,0.45807
-0.71438,0.67814,0.33640,-1.42221,-0.47941,-0.29065,-0.11201,-0.08844,0.69838,2.17944,-2.15376
-0.68338,-1.32491,-0.19283,-0.56490,0.73294,0.74442,0.18337,0.41590,-0.60200,-1.25608,4.25736
-1.50086,-0.39322,-0.43581,1.18611,0.24431,-0.16090,1.18168,-0.11009,0.34666,0.78591,-2.05020
0.10080,-1.42242,0.53039,-0.43623,0.71196,-0.71951,-0.26352,1.39944,1.19232,0.98107,-2.94654
-0.34750,-0.57686,-2.96532,-0.66303,0.17304,0.39295,1.36512,-0.19795,-0.92762,0.52676,1.66923
1.41030,0.45575,-1.53047,-0.65270,1.91556,-1.59226,1.02950,-0.14847,-1.59196,-0.25930,2.83739
1.66054,-0.13236,-0.15972,-1.19127,-0.39950,-0.69373,1.10812,-0.19611,-1.73754,-0.74407,0.15141
0.70401,1.01935,0.62633,-0.17213,-0.45131,-0.37074,0.39546,-0.33947,-1.18166,1.26884,-2.15802
0.30975,-1.46156,-1.08143,-1.24963,0.31405,-0.45813,-1.56029,0.50664,-0.02318,-0.23918,0.46377
-0.33950,0.92589,0.48040,-0.27210,0.31946,0.75584,-0.65934,0.19041,0.57531,0.93224,1.06059
-0.92613,1.17138,-0.76478,-0.19755,1.01725,-2.12437,-0.29946,-0.94325,-1.55301,0.16516,1.77980
-0.65064,1.05207,0.77258,-0.14704,0.31919,-1.01940,1.52822,0.90700,-1.35517,0.21919,0.93122
0.37067,-1.24484,-0.06973,0.16502,-0.86337,-0.61173,0.45397,0.73643,1.40845,0.84108,-6.62623
0.31824,-1.20771,-2.20505,-0.27250,1.18678,0.99839,-0.37677,0.59570,0.20829,-0.84648,3.96239
1.26709,1.78083,-0.23004,1.95872,0.65227,-0.76754,-0.39692,0.03883,-0.48573,-1.96761,0.86149
-0.25516,0.97017,-0.71927,0.25163,0.29678,0.58803,-1.15317,-1.88548,-0.31364,-1.53989,3.95496
0.91087,1.60964,-0.24053,0.83790,0.51964,-1.80631,-0.54194,-0.42019,0.06466,1.00911,-3.61606
-1.37867,-0.22940,0.41926,1.39569,0.77162,-0.66800,-0.12435,1.32769,-0.74682,-2.34638,2.89717
0.38427,1.17470,0.77923,-1.78445,0.13117,-0.80248,-0.82097,0.19107,-0.23605,0.02937,1.90360
-1.34978,-1.41925,-0.82681,0.32133,-0.56243,-1.27543,1.40989,0.61335,-1.46808,-0.70430,-1.53268
-1.01359,-1.79663,-1.16221,-0.56948,-0.21375,0.27883,0.07793,-1.08552,0.58732,0.70133,-1.90718
-1.54358,-0.54725,-0.11831,-0.93600,-0.18733,0.58665,0.04749,-0.01544,-0.04691,0.32954,1.61534
-1.15126,-0.23169,0.47897,0.16357,1.07942,-0.61826,-0.29021,0.38749,0.97944,0.37427,0.03773
0.12127,1.07014,0.54424,-0.22845,-0.50475,1.23481,-0.30358,1.11047,0.62549,-1.77144,3.19794
-2.05480,0.64502,-1.19098,-1.45859,-1.35672,-1.24902,-1.94651,-1.30996,0.56413,0.99944,-1.98109
1.69576,-0.55231,0.47303,-1.04979,1.14636,2.65162,0.72180,1.28512,-0.08649,0.46885,4.55114
0.23404,0.20498,-0.01669,0.65133,-1.82475,-1.02584,0.65288,1.90737,-0.04020,-0.11347,-5.89617
1.43562,0.27709,-0.47908,0.75826,1.37920,-0.33130,-0.18796,1.17060,-0.64592,0.96546,-0.45699
0.34595,-0.61174,-0.95071,0.55375,0.05645,-0.93314,-0.30207,1.23988,0.31747,0.90971,-4.13867
-1.23460,2.16654,0.62759,1.58224,-1.23694,0.27014,-1.19977,-0.26393,0.26715,-1.09167,-0.31241
0.19835,-2.54769,0.57528,0.55639,0.05538,-1.95605,-0.44805,-0.62070,-1.00715,-0.56755,-4.93526
0.53456,-1.11695,0.26097,0.67527,0.14293,0.64198,1.02641,-0.00686,-2.01453,-0.27502,0.25456
2.25997,-0.39250,0.54967,-0.25490,2.43434,1.23533,-0.99468,-0.94765,1.40964,0.33646,2.77422
0.45562,0.28346,0.17096,-2.12424,-0.33277,2.07124,0.91045,0.55100,-1.07818,0.51725,4.70681
-0.77792,-0.41540,0.95335,-1.16204,-0.18308,1.38640,-1.36226,0.08426,-0.08288,-0.41010,3.59918
0.41236,-0.59670,0.60096,0.36067,-0.39603,0.15973,-1.30387,-3.76623,0.37981,0.07069,-3.08605
-1.62221,1.76097,0.83870,0.18780,-0.92469,0.58495,-0.01350,0.21579,1.89874,0.03758,-0.53140
-1.13059,1.51559,0.80674,-0.35320,0.56264,0.43080,0.36545,0.88667,-0.66926,-0.12166,4.65430
0.03780,-0.77126,-0.22018,0.66947,-1.54573,0.19243,0.69579,-0.13756,1.11065,-1.47734,-3.72626
1.09267,1.48008,1.20517,1.96934,0.47061,1.04025,1.34228,0.60548,1.23994,0.24787,-1.64768
-0.50929,0.56030,-1.68133,0.00319,-2.28486,-0.69215,-0.82904,0.40553,-0.54663,-1.85765,-1.76541
0.04619,-0.01220,-1.27148,0.26528,-0.05354,-0.38048,-0.60939,-1.38719,-1.38212,1.06361,-1.55113
-1.57259,-1.49862,1.03688,-0.27740,0.51688,2.45275,-0.50287,0.53059,-1.39063,-0.07864,5.32660
0.02352,-1.10067,0.14670,-1.12930,-0.06465,-0.69022,-0.24161,-0.58166,0.78150,-0.35028,-1.06717
1.58034,-0.64155,-2.15911,1.29763,-0.92857,0.04155,-1.13133,0.54932,-1.52840,0.39299,-4.38951
-0.29564,0.48330,-1.32974,-1.10181,-1.36935,0.72604,0.61891,1.75123,-0.78978,-0.35197,1.38465
-1.71827,-0.43269,1.03544,0.59179,-0.14430,0.29664,-0.65704,-0.36497,-1.09377,-0.75932,1.54904
0.43120,-0.13555,0.19472,0.27516,1.63743,0.32389,0.14909,1.17492,1.62851,-1.41284,3.21969
0.38085,2.10190,0.02764,-1.91689,-0.40202,-0.92164,-0.43165,-0.16125,0.39670,-1.51562,2.95674
0.74080,1.68941,0.76513,-0.56893,-0.67355,0.96574,-0.72530,-1.55924,-0.01587,1.73928,-1.27153
1.12267,0.47681,0.21433,1.79259,0.52061,1.15537,-1.03883,-0.06428,-0.59878,1.73443,-2.21749
-0.59127,0.38665,-0.54050,-1.44748,-0.78050,2.06620,0.06458,-0.54944,-0.41525,1.93127,1.61457
-2.03062,0.22646,1.27049,-1.12021,-0.13433,-0.21265,-0.84320,-0.24008,0.37584,-0.89396,3.01082
1.54979,0.20997,0.26406,-0.56989,-0.82933,0.18770,0.30958,2.24028,0.08562,1.11432,-3.45034
1.94608,1.15015,0.26987,-0.46853,0.10399,-0.32288,-1.50774,1.37622,-2.74167,0.24419,1.57123
-0.45311,-0.52627,0.47726,-1.01078,0.42974,-0.36744,-2.66567,-0.06220,-0.42105,-0.11818,1.83529
-0.82706,-1.75798,1.53103,1.61268,-0.80236,0.47037,-0.04830,-0.41210,0.07573,0.17748,-5.07451
1.71377,1.51859,0.67972,-0.03173,-0.57976,0.32249,0.18325,-0.32953,0.95827,-0.81285,-0.90055
-2.02642,-0.39332,0.04024,-0.57983,0.12687,-0.24532,1.57522,0.27728,0.65639,-0.12147,1.16158
0.28014,0.88518,-1.14147,1.39291,-1.88483,-0.79280,-0.50417,0.60816,-0.32509,0.16534,-6.06011
-1.74948,1.87334,-0.02555,-0.40581,-1.72384,2.38345,0.11414,0.10704,1.37835,-1.09181,3.42870
0.28618,0.39472,-0.89611,0.20814,0.34057,-0.60142,-1.43740,-1.29675,-1.99803,-1.59965,3.11333
-0.80629,0.44843,0.55227,1.95264,0.35495,-0.21255,-0.30238,-0.07885,0.76987,1.33755,-3.76284
1.05123,-0.22826,-1.03847,-1.29082,-2.45799,-0.11265,-1.07674,0.33912,-0.43610,-1.42008,-2.31017
0.11258,0.59974,1.03015,-1.27843,1.24363,-1.36902,1.40455,-0.31295,-0.94732,-0.59844,3.27814
-0.40351,-1.99116,-0.48390,-0.12124,-0.07822,0.23554,-0.20149,0.11973,-1.12943,1.14584,-2.12403
0.48918,-0.39066,-0.33752,1.45492,-0.21228,-2.24057,-0.61250,1.01442,-0.92720,-0.27937,-5.34466
0.33513,0.05002,0.42214,1.20912,0.95704,-1.55315,1.23842,-0.02726,0.05133,-1.37979,-0.93632
0.81525,0.27468,-0.26674,0.35258,0.50141,-2.08020,-0.15276,-0.00012,-0.72804,0.11270,-2.70559
-1.36972,-0.42216,-0.95992,-0.02101,0.40156,0.13535,0.72507,1.34029,0.47486,-2.11100,3.89764
-0.66694,-0.44100,2.43441,0.03520,0.20151,-0.61180,0.23481,0.79779,0.86982,1.46688,-3.67720
0.02619,1.22788,-0.76181,0.46202,-1.52424,-0.03225,-0.87852,0.42313,0.26484,-1.11807,-1.46801
0.21877,0.89156,1.21038,-0.75024,0.02769,-1.23838,-0.75164,1.05950,-0.25971,-2.08859,2.30615
-1.37646,1.33317,1.58185,-0.45145,-0.12245,0.78216,0.33481,0.54730,-0.65464,-0.73782,4.33146
-1.36020,1.59688,0.88947,-0.43461,1.60880,0.79203,-1.70463,-1.22312,-0.16633,0.22554,6.64902
0.82199,0.19021,-1.01445,-0.47280,-0.70437,-0.42620,-0.77417,-0.07427,-0.23949,-1.75274,0.22776
0.65687,-0.87545,1.43021,-1.48754,0.37350,1.77814,1.99662,0.45511,1.28081,0.04006,1.87354
-1.09954,-0.90304,-0.50675,1.60193,-1.50989,0.61473,1.29728,-0.50064,0.23309,-1.49366,-2.82466
-0.26431,-0.35946,1.35789,-2.61746,-0.90708,-1.74173,0.60638,0.38208,-0.46723,-0.85459,-0.50489
1.21453,1.75540,0.83903,0.79058,-0.37117,-0.46098,0.37023,1.44691,-0.50729,1.06593,-3.00591
-0.31934,-0.39789,-0.80662,0.12817,1.35628,-0.48586,-0.60768,0.09197,0.63648,1.51627,-0.89447
0.24739,-1.68544,0.55160,1.47527,0.82819,1.14633,-1.11408,-1.16545,-0.20483,1.97964,-3.04727
0.52520,0.51278,-0.18931,-1.53673,0.16614,-0.41803,-0.97469,0.79926,0.70172,0.02574,0.97796
0.77249,-0.00331,-0.79026,0.57193,1.30621,-0.87579,0.83765,0.39614,-0.26893,0.31614,-0.50385
1.26090,1.44936,0.31635,0.56030,0.69006,-1.40452,-0.73767,0.22284,0.12216,0.32511,-1.79657
0.57270,-0.58493,-0.42478,-2.08943,-1.84768,-1.85785,0.94851,0.16121,-0.28950,1.07813,-6.19875
1.08444,0.74404,0.73406,0.32648,0.34421,-0.86742,1.98818,0.72689,1.44708,-1.37575,-1.06381
-0.67581,1.08266,-0.60327,0.06689,-0.97798,0.36851,0.46272,0.39333,-1.83251,0.25082,0.78701
-0.86135,0.33049,-0.82738,0.07891,0.36161,0.26448,-0.36891,-0.20582,0.25232,-0.86671,2.56094
-0.43448,-0.12377,-0.47792,-1.00044,0.76446,0.00810,-0.74394,-1.12495,1.07997,-0.21784,2.16377
0.86638,-0.01386,-0.97837,0.11997,0.27229,0.08962,-1.76287,-0.89355,-0.85225,0.36519,-0.18109
0.18802,-0.80325,1.80421,0.78454,0.60726,-0.35173,0.12398,-0.68375,0.51384,1.89299,-4.80225
-0.31422,0.07756,-0.97789,1.09436,-0.90419,0.86321,0.90784,-1.50292,-0.69243,-0.83887,-0.47193
1.15224,0.39573,0.95090,0.19731,0.21002,0.71534,-0.38123,-1.00480,1.16839,-0.74931,0.00247
-1.79246,0.19297,-1.48012,-0.61563,-0.76170,-0.92579,-1.27524,-0.13961,0.70391,0.36315,-1.35578
-0.89403,0.31097,-0.57862,1.30389,-0.47295,1.01675,1.54406,1.45382,-0.18257,-0.18643,-0.08451
0.50766,0.19097,-0.72874,-1.01080,0.30389,0.62551,-0.31867,0.95669,1.04745,0.35680,1.27658
-1.50734,-0.06916,-0.32902,-0.79904,-0.29778,0.83119,-1.76800,-0.43100,1.65240,0.45584,0.71102
-0.74826,-0.96317,-0.41703,0.61128,1.76286,-2.04311,0.68853,0.91963,-0.76840,-0.85635,1.23795
-0.68832,0.32393,-0.04029,-3.02834,-0.20845,-0.74271,-1.48140,0.45079,1.73837,0.62351,0.92205
0.08964,-1.66386,-0.41026,-0.55343,-0.08732,-0.28480,1.19531,-0.48920,0.42589,1.06836,-3.66500
-0.66019,-1.43023,-0.31196,0.26858,0.13085,-1.69314,0.22951,-0.92768,-0.06295,0.04724,-3.60205
0.93768,1.67982,-1.63702,2.14741,0.15823,1.72080,0.03771,-2.47208,-0.40936,-0.91322,1.85699
0.03106,0.54618,-1.13882,-0.55827,-0.48207,-0.86686,0.85559,-0.61422,1.44088,-0.97108,-1.28518
1.54125,1.58094,0.37604,0.94472,-1.27382,-1.08075,0.30115,-0.95220,-1.11429,-0.07559,-4.71309
0.70249,0.03312,1.15875,-1.18628,-0.36041,0.46048,-0.17563,1.54740,1.70676,-0.53021,-0.32499
-0.23716,-0.99021,-0.58749,-0.30032,-1.45677,-0.75882,-1.46441,1.83291,-0.86868,-1.96413,-0.83792
0.03299,-0.05211,-0.29752,-1.02378,-0.73449,1.13557,-0.24540,-0.61710,1.22252,-0.68854,0.72376
-0.24327,-0.36000,1.06526,1.75101,-1.01559,-2.23000,0.36324,-0.81717,0.07638,0.50303,-8.94751
-1.19495,1.29714,0.91288,0.86681,0.16731,1.41447,-2.06709,0.75828,1.67091,2.98845,-2.10822
-0.05423,-0.01627,0.02366,-0.32039,-0.06657,-0.18201,1.40634,1.06809,0.33995,-0.79764,0.21977
2.29752,0.54290,0.42659,0.09594,2.10305,-0.27905,0.23608,-0.07449,1.22258,0.74436,-0.02623
0.75255,0.78883,1.14765,-1.14272,-1.72782,-0.58565,2.17744,0.33755,0.95798,-0.99668,-3.00904
-0.83547,-0.17381,-0.61394,0.88422,-0.13718,0.56401,0.68730,0.08564,-0.84642,-0.19745,0.53822
-0.01631,-0.12325,-0.88476,-0.18982,-1.10239,-0.19994,-1.07828,-1.10484,0.08723,-0.18805,-2.38948
-0.89671,1.90414,0.00815,-1.71309,-0.20737,-1.10252,1.53171,-0.83179,-0.21298,0.11893,1.89546
1.39915,0.21525,1.44801,0.00457,0.10208,-0.92814,-0.03422,-1.33368,-1.22051,-0.97331,-0.89468
-1.65124,-1.00375,0.35822,-0.72723,-0.77058,1.14841,0.18545,-0.52255,-1.56749,0.34413,1.80873
-0.56865,0.19586,0.62443,0.23682,-0.34478,0.13277,-0.76238,0.34246,-0.11406,-0.98877,0.69845
-0.06494,1.54429,0.07085,-1.11345,0.05477,-0.74320,0.92430,1.33361,-0.60024,0.33954,1.46062
-1.27964,0.31900,1.60176,0.62327,0.13561,-0.74257,0.62704,-1.49653,-0.92466,-0.68454,0.18257
0.48106,-1.66557,-0.79644,0.55827,-1.01370,0.78312,0.88033,0.92782,0.44727,-0.06448,-3.99798
-0.43821,-0.89587,-2.12413,1.84669,0.53999,0.50730,-0.35503,-0.54862,-1.89598,-0.03913,0.69190
0.93915,-0.36209,0.79413,-0.83659,0.08635,-0.52101,0.83783,-1.63714,0.72288,-0.49314,-1.34163
-0.66204,0.95952,1.71494,-0.35776,-0.92445,2.16702,1.51932,0.32825,0.93227,0.89229,0.16593
-0.61277,-0.53475,1.42752,-0.44658,0.55142,-0.35428,-0.24648,-0.16758,0.24210,-0.57802,1.02595
0.02262,0.62811,-1.40846,-1.49194,0.45318,-1.03290,-0.91323,-0.22628,0.43458,-1.94642,3.94491
1.13944,-1.21548,1.66398,-0.43773,0.20388,0.38170,-0.87077,2.00071,0.43928,-0.53349,-0.59157
0.44796,-1.25381,0.11742,-0.57577,0.73904,0.05277,1.01857,1.50156,0.29217,-1.14537,1.43200
-0.57958,0.60687,-0.45034,-0.59002,1.81998,0.87876,-0.57913,-0.89283,1.84568,0.40717,4.07335
-2.38920,-0.25714,-1.02210,-0.90485,-0.31732,2.17914,0.17670,1.61519,-0.31165,-0.20060,5.69417
-0.26014,0.22340,-1.06278,0.51046,-0.43696,0.01007,-0.33080,-0.86840,-1.10010,-0.07341,-0.21850
-1.58616,0.28836,0.33516,-0.37421,-1.18093,-2.13907,0.03823,0.29137,0.25404,1.11935,-5.18693
1.39093,0.59062,-0.38549,-0.20699,-0.96167,-0.42762,0.18770,0.37672,0.00869,0.86481,-4.28859
1.61452,0.42329,0.34143,0.49884,1.22394,-1.65536,-1.74977,1.84772,-2.21187,0.88220,-0.81779
-0.94708,0.96044,1.78675,-1.26601,-0.22307,1.02848,-0.78229,-0.27807,0.17727,-0.11992,3.73902
0.22023,-0.12534,1.18509,0.56127,0.03264,0.99078,0.43145,0.04783,-0.15180,-0.45939,0.35734
1.66426,0.58659,-0.37949,1.43385,1.37850,-1.14535,-0.77429,-0.26164,-0.59352,-0.52306,-0.63218
-0.57808,0.67805,-1.34373,-0.13623,-0.19437,0.56485,-0.24117,-1.04982,-1.45561,0.14523,2.42873
0.53780,-0.54897,-0.06776,-1.03381,-0.21548,1.36945,-1.42487,1.00824,-1.77764,0.32669,2.65001
